2007/5/30,22,24,29,31,35,4,11
2007/6/2,15,22,31,34,35,5,12
2007/6/4,3,4,18,23,32,1,6
2007/6/6,6,10,16,17,25,2,4
2007/6/9,1,9,19,20,30,2,11
2007/6/11,1,16,20,23,28,3,6
2007/6/13,14,16,25,26,35,4,9
2007/6/16,2,8,11,21,23,4,7
2007/6/18,1,3,9,19,34,9,12
2007/6/20,6,8,18,29,34,9,11
2007/6/23,29,32,33,34,35,9,10
2007/6/25,3,12,15,29,34,7,11
2007/6/27,12,17,27,29,34,6,9
2007/6/30,1,2,7,29,32,6,7
2007/7/2,2,8,12,13,17,11,12
2007/7/4,1,14,19,24,31,3,12
2007/7/7,13,14,29,32,34,3,12
2007/7/9,3,4,16,23,28,6,9
2007/7/11,3,6,17,22,23,4,6
2007/7/14,2,6,11,12,18,5,12
2007/7/16,2,4,24,29,33,1,2
2007/7/18,8,10,12,23,25,3,10
2007/7/21,8,10,23,32,34,8,10
2007/7/23,6,16,20,25,31,4,9
2007/7/25,22,24,26,27,34,2,10
2007/7/28,5,9,13,33,35,1,8
2007/7/30,2,3,10,19,27,6,10
2007/8/1,20,26,30,34,35,3,10
2007/8/4,15,22,25,29,35,9,11
2007/8/6,11,14,27,33,35,2,7
2007/8/8,3,21,27,31,32,6,8
2007/8/11,1,13,21,23,32,4,11
2007/8/13,1,5,8,14,22,3,12
2007/8/15,6,8,11,13,22,2,11
2007/8/18,7,11,16,31,32,1,12
2007/8/20,15,18,21,27,34,1,2
2007/8/22,1,6,7,17,31,11,12
2007/8/25,6,21,25,27,32,8,9
2007/8/27,10,11,20,21,35,7,11
2007/8/29,5,21,25,28,35,1,4
2007/9/1,3,16,17,22,35,1,8
2007/9/3,7,10,22,31,35,5,6
2007/9/5,4,9,22,24,31,2,6
2007/9/8,4,5,7,12,26,1,10
2007/9/10,9,16,20,26,35,11,12
2007/9/12,4,16,18,23,30,1,10
2007/9/15,1,6,15,19,35,2,9
2007/9/17,8,25,26,29,35,6,8
2007/9/19,9,10,15,17,32,4,6
2007/9/22,13,21,22,30,35,1,11
2007/9/24,3,7,24,28,35,8,11
2007/9/26,1,14,29,32,33,5,10
2007/9/29,11,16,19,21,25,1,10
2007/10/1,4,10,19,29,34,3,6
2007/10/3,10,16,24,31,33,7,10
2007/10/6,4,11,17,20,21,5,9
2007/10/8,14,16,30,32,35,6,7
2007/10/10,8,21,25,28,33,2,6
2007/10/13,4,15,23,31,33,3,9
2007/10/15,12,13,29,30,31,4,7
2007/10/17,2,10,19,28,29,2,9
2007/10/20,1,4,10,14,29,11,12
2007/10/22,10,31,33,34,35,7,12
2007/10/24,2,16,32,33,35,5,10
2007/10/27,19,20,24,29,31,9,10
2007/10/29,4,7,8,19,24,7,12
2007/10/31,11,18,25,30,31,4,9
2007/11/3,4,9,13,14,33,6,10
2007/11/5,2,13,16,21,35,1,5
2007/11/7,7,26,29,30,35,3,4
2007/11/10,10,22,32,33,35,1,7
2007/11/12,21,24,26,27,33,1,5
2007/11/14,4,5,9,12,23,2,11
2007/11/17,16,17,23,24,31,5,10
2007/11/19,5,11,20,30,32,7,11
2007/11/21,2,9,12,15,31,9,10
2007/11/24,4,6,12,13,24,1,4
2007/11/26,9,12,14,22,23,1,2
2007/11/28,6,9,25,26,31,2,8
2007/12/1,1,15,20,25,27,5,10
2007/12/3,6,18,20,22,35,4,9
2007/12/5,3,5,14,33,34,7,8
2007/12/8,1,5,20,21,24,3,4
2007/12/10,5,11,18,29,34,10,11
2007/12/12,17,24,28,29,33,2,5
2007/12/15,14,18,19,26,28,3,9
2007/12/17,8,18,30,31,33,4,9
2007/12/19,17,18,21,23,33,6,10
2007/12/22,8,13,24,30,34,1,12
2007/12/24,4,20,24,31,33,9,12
2007/12/26,7,12,26,31,32,3,8
2007/12/29,6,19,27,28,29,6,10
2007/12/31,6,8,16,25,27,8,12
2008/1/2,1,2,11,34,35,3,10
2008/1/5,1,12,24,31,32,10,12
2008/1/7,1,11,13,32,35,2,7
2008/1/9,9,22,24,31,33,8,9
2008/1/12,18,25,29,31,34,9,10
2008/1/14,10,12,26,29,34,5,7
2008/1/16,3,4,5,12,28,3,12
2008/1/19,2,6,8,17,32,8,9
2008/1/21,4,8,12,24,30,5,8
2008/1/23,6,23,24,27,29,6,8
2008/1/26,14,20,22,24,27,7,10
2008/1/28,2,10,29,32,35,2,3
2008/1/30,1,11,19,22,35,5,9
2008/2/2,4,7,10,28,34,1,6
2008/2/4,9,18,20,27,33,6,9
2008/2/13,8,10,11,17,19,6,9
2008/2/16,2,14,25,29,32,1,6
2008/2/18,3,6,7,11,30,2,3
2008/2/20,8,24,25,29,31,4,5
2008/2/23,4,5,15,17,33,4,8
2008/2/25,5,10,13,21,24,4,9
2008/2/27,9,12,13,25,31,8,10
2008/3/1,6,26,31,32,34,7,10
2008/3/3,8,12,17,20,30,1,2
2008/3/5,6,10,12,15,28,4,12
2008/3/8,1,21,22,24,25,8,10
2008/3/10,5,17,23,31,32,4,8
2008/3/12,3,11,17,19,26,7,12
2008/3/15,6,11,18,29,30,4,11
2008/3/17,3,21,23,26,35,5,8
2008/3/19,14,20,23,27,28,2,4
2008/3/22,3,9,19,27,33,9,10
2008/3/24,3,10,21,23,30,1,9
2008/3/26,6,7,18,34,35,5,10
2008/3/29,2,12,13,29,30,5,7
2008/3/31,9,19,22,30,32,1,10
2008/4/2,11,20,24,31,35,4,10
2008/4/5,12,13,19,32,33,2,10
2008/4/7,7,11,15,27,35,4,7
2008/4/9,4,8,19,22,29,8,11
2008/4/12,7,17,21,22,28,5,10
2008/4/14,5,10,13,32,35,4,5
2008/4/16,5,8,10,31,33,2,4
2008/4/19,2,21,23,27,32,10,11
2008/4/21,14,32,33,34,35,2,4
2008/4/23,11,25,26,27,35,7,8
2008/4/26,12,18,22,23,30,6,12
2008/4/28,1,13,22,25,27,2,10
2008/4/30,1,11,14,28,30,3,10
2008/5/3,1,5,11,26,27,3,7
2008/5/5,1,7,9,11,33,3,11
2008/5/7,3,18,19,30,35,5,9
2008/5/10,1,13,21,23,32,3,6
2008/5/12,5,14,23,31,35,2,6
2008/5/14,2,14,28,30,35,4,12
2008/5/17,15,19,25,30,31,3,9
2008/5/19,5,8,9,17,33,5,6
2008/5/21,3,9,11,29,33,3,12
2008/5/24,7,13,21,25,31,8,10
2008/5/26,3,13,17,23,30,1,11
2008/5/28,7,10,14,19,32,3,6
2008/5/31,1,15,27,28,29,3,10
2008/6/2,7,11,24,30,35,6,8
2008/6/4,14,18,24,27,31,6,7
2008/6/7,19,22,23,25,32,6,12
2008/6/9,2,7,21,22,25,4,12
2008/6/11,3,10,14,15,22,4,7
2008/6/14,6,9,11,33,34,6,10
2008/6/16,5,13,16,29,33,6,8
2008/6/18,9,17,18,21,31,1,5
2008/6/21,1,5,11,14,25,1,9
2008/6/23,10,25,32,33,34,3,9
2008/6/25,2,5,6,7,31,8,10
2008/6/28,10,13,22,31,35,4,12
2008/6/30,1,10,13,30,33,6,7
2008/7/2,3,5,10,27,34,1,12
2008/7/5,1,8,21,33,34,5,7
2008/7/7,8,17,20,28,31,7,11
2008/7/9,20,23,26,32,33,5,12
2008/7/12,6,9,29,31,33,5,11
2008/7/14,7,8,20,22,29,4,7
2008/7/16,15,19,29,33,35,1,2
2008/7/19,6,14,15,30,31,3,10
2008/7/21,2,17,20,22,25,5,11
2008/7/23,3,7,13,15,19,2,10
2008/7/26,1,6,10,22,35,3,7
2008/7/28,14,22,32,33,35,1,5
2008/7/30,7,11,19,27,31,2,3
2008/8/2,8,13,24,32,33,3,9
2008/8/4,4,11,18,33,34,2,6
2008/8/6,9,13,19,22,25,4,10
2008/8/9,3,23,26,32,34,4,9
2008/8/11,6,7,10,24,30,5,8
2008/8/13,7,12,19,27,34,11,12
2008/8/16,3,4,11,21,25,1,7
2008/8/18,6,7,12,25,28,2,12
2008/8/20,1,10,31,33,35,3,10
2008/8/23,7,10,22,27,33,4,8
2008/8/25,3,18,23,25,30,6,10
2008/8/27,12,20,26,29,30,2,6
2008/8/30,10,13,23,31,33,4,11
2008/9/1,5,25,26,29,35,3,10
2008/9/3,2,11,22,30,34,4,9
2008/9/6,7,8,10,24,34,8,11
2008/9/8,12,21,22,26,35,4,5
2008/9/10,3,5,21,28,33,2,6
2008/9/13,1,2,13,15,16,4,9
2008/9/15,11,16,24,29,32,9,11
2008/9/17,1,10,18,28,34,5,8
2008/9/20,5,16,25,27,33,4,9
2008/9/22,2,11,12,14,19,5,9
2008/9/24,4,18,26,32,33,5,8
2008/9/27,11,14,17,19,22,1,8
2008/9/29,2,3,22,27,31,6,7
2008/10/1,7,9,19,21,33,7,10
2008/10/4,6,8,15,24,31,1,3
2008/10/6,13,23,24,25,30,2,8
2008/10/8,6,9,19,25,30,6,12
2008/10/11,1,2,10,19,27,1,11
2008/10/13,21,23,24,25,32,3,4
2008/10/15,11,23,24,32,35,4,10
2008/10/18,3,6,12,20,29,9,12
2008/10/20,1,6,12,28,31,8,9
2008/10/22,2,10,13,29,33,6,10
2008/10/25,1,4,28,33,34,6,11
2008/10/27,9,29,32,34,35,1,8
2008/10/29,8,21,22,31,33,1,7
2008/11/1,12,15,23,24,25,10,11
2008/11/3,13,16,20,25,27,4,5
2008/11/5,3,5,22,29,34,7,12
2008/11/8,8,9,12,21,32,7,11
2008/11/10,6,14,24,27,29,5,9
2008/11/12,10,12,15,33,35,3,9
2008/11/15,11,13,15,28,35,8,10
2008/11/17,7,22,25,29,33,1,12
2008/11/19,3,28,29,32,34,1,6
2008/11/22,1,10,25,32,35,5,9
2008/11/24,4,5,18,22,35,7,8
2008/11/26,1,6,10,14,22,6,8
2008/11/29,2,9,11,29,32,8,9
2008/12/1,9,15,18,30,34,4,5
2008/12/3,6,18,21,30,35,8,9
2008/12/6,1,2,22,29,32,1,4
2008/12/8,10,19,27,28,33,5,12
2008/12/10,5,16,27,29,30,5,11
2008/12/13,9,23,24,26,33,7,12
2008/12/15,16,18,19,24,35,11,12
2008/12/17,3,7,20,33,35,4,7
2008/12/20,2,5,6,27,29,3,4
2008/12/22,1,9,10,15,25,3,8
2008/12/24,7,10,27,31,34,8,9
2008/12/27,3,5,14,20,33,7,11
2008/12/29,2,4,6,25,26,2,5
2008/12/31,5,7,10,29,32,4,6
2009/1/3,1,15,23,27,30,4,10
2009/1/5,1,4,7,12,30,5,10
2009/1/7,16,18,23,30,32,2,11
2009/1/10,1,3,22,32,35,6,10
2009/1/12,10,11,15,31,32,5,8
2009/1/14,2,4,22,31,35,9,12
2009/1/17,6,14,15,29,35,6,11
2009/1/19,4,17,21,29,31,2,12
2009/1/21,12,18,23,26,32,6,9
2009/1/24,2,9,12,21,29,7,11
2009/2/2,2,11,13,14,21,2,4
2009/2/4,2,5,20,25,31,10,12
2009/2/7,5,24,26,30,35,5,12
2009/2/9,8,14,15,25,26,7,9
2009/2/11,1,5,10,16,27,3,4
2009/2/14,10,11,20,26,27,9,11
2009/2/16,5,11,23,26,33,4,12
2009/2/18,1,6,13,28,29,3,9
2009/2/21,4,29,31,32,35,4,10
2009/2/23,5,16,18,32,35,2,11
2009/2/25,1,15,31,32,34,3,8
2009/2/28,12,14,17,34,35,4,11
2009/3/2,15,17,21,27,33,7,11
2009/3/4,29,31,32,33,35,10,11
2009/3/7,3,17,22,23,33,4,10
2009/3/9,24,30,31,32,34,10,12
2009/3/11,3,22,26,33,34,9,10
2009/3/14,6,20,30,32,35,9,11
2009/3/16,3,4,13,17,24,4,11
2009/3/18,1,7,27,30,32,1,4
2009/3/21,7,11,19,21,22,1,11
2009/3/23,4,12,20,26,29,6,10
2009/3/25,2,8,18,21,32,8,11
2009/3/28,5,19,31,32,35,4,9
2009/3/30,3,7,9,28,33,3,8
2009/4/1,2,12,26,31,33,9,10
2009/4/4,17,18,19,25,31,1,11
2009/4/6,6,17,20,29,32,4,5
2009/4/8,1,3,7,10,33,3,4
2009/4/11,3,16,30,32,33,1,10
2009/4/13,5,9,20,23,29,4,10
2009/4/15,11,24,25,26,31,2,7
2009/4/18,5,21,22,32,35,2,5
2009/4/20,1,7,18,29,34,3,9
2009/4/22,1,9,14,24,35,6,9
2009/4/25,1,9,24,34,35,4,9
2009/4/27,13,18,21,24,29,3,6
2009/4/29,5,6,22,25,27,11,12
2009/5/2,5,16,28,29,34,11,12
2009/5/4,5,15,28,32,33,8,9
2009/5/6,3,11,22,26,29,5,12
2009/5/9,23,24,30,34,35,1,3
2009/5/11,5,9,24,31,33,5,6
2009/5/13,2,12,19,29,30,7,12
2009/5/16,5,8,14,23,24,5,6
2009/5/18,4,13,17,32,35,3,6
2009/5/20,6,15,22,27,30,2,9
2009/5/23,8,10,14,27,32,2,7
2009/5/25,2,13,14,29,33,4,11
2009/5/27,18,28,29,30,31,4,8
2009/5/30,2,10,21,26,34,2,10
2009/6/1,4,22,23,29,31,5,11
2009/6/3,5,6,18,21,22,1,7
2009/6/6,6,10,11,17,34,11,12
2009/6/8,1,12,24,27,32,2,11
2009/6/10,1,8,19,24,31,6,12
2009/6/13,3,6,25,28,32,2,5
2009/6/15,2,12,15,20,28,1,12
2009/6/17,14,16,27,30,33,8,12
2009/6/20,10,21,24,30,31,3,10
2009/6/22,4,20,29,30,33,2,11
2009/6/24,23,26,29,32,33,5,10
2009/6/27,1,10,19,21,30,1,4
2009/6/29,15,17,19,23,32,1,11
2009/7/1,1,7,11,32,33,9,11
2009/7/4,3,9,11,18,24,4,5
2009/7/6,7,20,28,32,34,6,8
2009/7/8,11,23,26,31,34,5,11
2009/7/11,1,2,7,13,34,4,10
2009/7/13,7,16,19,29,35,2,11
2009/7/15,2,15,20,25,33,3,6
2009/7/18,5,11,26,29,32,8,11
2009/7/20,2,5,28,34,35,1,7
2009/7/22,5,9,19,26,35,2,10
2009/7/25,6,13,27,33,34,9,12
2009/7/27,1,2,7,26,29,10,12
2009/7/29,10,24,28,30,33,1,10
2009/8/1,13,16,27,32,34,3,9
2009/8/3,3,6,11,19,27,2,7
2009/8/5,18,25,30,33,34,4,10
2009/8/8,1,5,17,32,34,3,7
2009/8/10,10,21,22,27,29,8,12
2009/8/12,7,9,22,30,33,9,11
2009/8/15,1,5,21,23,29,5,12
2009/8/17,8,18,24,30,33,1,6
2009/8/19,7,12,28,32,33,1,3
2009/8/22,6,13,14,22,25,1,4
2009/8/24,11,17,19,25,26,2,10
2009/8/26,3,9,21,23,33,6,10
2009/8/29,16,20,25,29,33,1,8
2009/8/31,2,10,14,22,26,4,9
2009/9/2,11,13,29,32,35,10,12
2009/9/5,16,20,28,32,33,1,2
2009/9/7,15,25,29,32,33,10,11
2009/9/9,1,25,26,34,35,6,11
2009/9/12,11,21,22,25,34,6,9
2009/9/14,11,12,33,34,35,1,10
2009/9/16,1,9,14,29,30,7,10
2009/9/19,2,11,13,26,35,6,10
2009/9/21,22,28,30,31,34,7,9
2009/9/23,4,11,13,19,35,10,12
2009/9/26,2,8,12,34,35,4,5
2009/9/28,3,4,10,18,27,6,8
2009/9/30,2,8,25,29,33,3,7
2009/10/3,1,2,6,8,26,5,12
2009/10/5,12,15,23,30,33,9,12
2009/10/7,7,21,29,31,33,9,10
2009/10/10,10,17,18,21,34,5,11
2009/10/12,3,12,22,23,28,4,12
2009/10/14,11,23,27,28,32,2,5
2009/10/17,4,5,8,11,22,2,10
2009/10/19,1,2,11,31,33,5,6
2009/10/21,10,21,28,29,32,6,10
2009/10/24,1,3,14,32,35,7,11
2009/10/26,8,20,23,29,31,2,11
2009/10/28,14,23,27,28,33,8,12
2009/10/31,5,9,27,32,34,5,8
2009/11/2,6,21,28,32,34,4,7
2009/11/4,2,10,18,32,33,3,8
2009/11/7,9,14,25,32,34,2,8
2009/11/9,2,3,8,33,34,3,11
2009/11/11,2,10,12,15,28,4,7
2009/11/14,1,8,24,27,34,10,11
2009/11/16,2,16,19,28,33,7,11
2009/11/18,6,8,15,20,32,5,6
2009/11/21,7,13,23,24,29,6,10
2009/11/23,12,28,29,30,34,1,9
2009/11/25,3,4,14,28,32,9,10
2009/11/28,14,16,20,22,32,5,9
2009/11/30,7,8,19,26,30,1,12
2009/12/2,13,14,21,30,33,2,8
2009/12/5,5,6,13,24,31,3,11
2009/12/7,1,9,10,11,22,1,12
2009/12/9,18,26,32,33,34,4,6
2009/12/12,5,11,14,22,35,3,10
2009/12/14,11,17,23,24,25,3,6
2009/12/16,6,12,18,22,29,5,8
2009/12/19,2,4,13,14,33,1,9
2009/12/21,1,3,10,12,20,2,7
2009/12/23,4,11,18,25,34,5,7
2009/12/26,3,8,14,30,31,4,9
2009/12/28,1,23,29,30,32,7,12
2009/12/30,21,22,30,32,34,3,7
2010/1/2,2,6,7,12,27,2,8
2010/1/4,4,23,25,26,30,7,10
2010/1/6,5,14,23,27,30,2,8
2010/1/9,3,6,21,24,34,4,6
2010/1/11,4,17,19,22,30,2,3
2010/1/13,3,13,19,30,34,2,5
2010/1/16,7,23,26,29,32,8,11
2010/1/18,11,23,25,31,32,5,11
2010/1/20,2,5,13,27,32,3,11
2010/1/23,15,22,24,32,35,2,9
2010/1/25,2,3,11,27,32,8,11
2010/1/27,20,24,30,31,33,5,12
2010/1/30,18,21,22,26,34,9,12
2010/2/1,18,19,30,33,35,2,4
2010/2/3,3,10,14,18,28,8,10
2010/2/6,10,12,20,23,32,4,10
2010/2/8,13,21,23,27,34,9,12
2010/2/10,3,10,26,32,33,4,12
2010/2/20,3,11,19,26,27,2,9
2010/2/22,8,18,26,32,33,1,6
2010/2/24,11,20,23,24,25,7,9
2010/2/27,2,11,13,14,25,2,5
2010/3/1,11,13,29,32,33,2,8
2010/3/3,3,14,19,24,25,4,11
2010/3/6,9,11,13,14,25,1,7
2010/3/8,5,23,25,31,35,7,10
2010/3/10,5,23,26,32,34,2,9
2010/3/13,1,2,7,20,35,1,3
2010/3/15,21,22,33,34,35,3,4
2010/3/17,10,12,19,32,35,2,7
2010/3/20,5,13,16,17,35,6,8
2010/3/22,13,16,23,24,33,7,11
2010/3/24,12,19,28,29,30,5,8
2010/3/27,1,6,19,25,26,3,9
2010/3/29,14,16,20,31,34,1,7
2010/3/31,19,25,28,31,33,1,8
2010/4/3,19,21,26,34,35,1,9
2010/4/5,8,10,25,29,33,1,2
2010/4/7,7,19,26,28,32,1,8
2010/4/10,13,20,26,31,35,2,11
2010/4/12,16,22,28,29,34,4,12
2010/4/14,1,5,19,34,35,6,7
2010/4/17,5,8,10,33,35,2,10
2010/4/19,6,21,24,28,30,2,7
2010/4/21,8,17,18,20,28,9,10
2010/4/24,2,15,19,26,27,5,6
2010/4/26,4,8,11,30,31,2,8
2010/4/28,2,3,10,12,25,3,9
2010/5/1,1,25,29,31,33,4,10
2010/5/3,7,8,15,30,35,5,10
2010/5/5,6,10,20,24,32,6,10
2010/5/8,4,6,25,29,32,5,6
2010/5/10,9,19,22,26,34,9,11
2010/5/12,12,25,29,30,33,10,11
2010/5/15,13,14,17,27,32,2,10
2010/5/17,5,9,23,25,30,9,12
2010/5/19,15,17,24,32,35,7,9
2010/5/22,6,15,17,19,30,1,12
2010/5/24,6,10,14,25,34,1,3
2010/5/26,10,13,22,33,34,1,5
2010/5/29,5,12,14,17,22,5,7
2010/5/31,6,7,18,30,31,7,8
2010/6/2,7,14,16,30,31,3,6
2010/6/5,7,10,12,20,21,6,9
2010/6/7,5,8,13,14,32,8,11
2010/6/9,15,21,22,24,27,1,6
2010/6/12,1,11,19,30,32,3,10
2010/6/14,11,17,19,20,34,6,10
2010/6/16,6,17,18,25,29,8,9
2010/6/19,5,14,23,25,28,11,12
2010/6/21,7,12,26,30,32,2,7
2010/6/23,5,10,17,23,25,3,10
2010/6/26,4,9,11,30,32,1,11
2010/6/28,3,7,20,27,32,2,12
2010/6/30,10,12,17,23,27,5,7
2010/7/3,9,12,16,19,35,2,12
2010/7/5,6,7,9,17,24,2,12
2010/7/7,2,3,15,28,35,1,11
2010/7/10,1,4,21,22,24,2,5
2010/7/12,8,19,27,29,34,4,10
2010/7/14,14,18,20,24,27,5,10
2010/7/17,5,8,24,29,30,4,6
2010/7/19,7,11,21,22,35,4,7
2010/7/21,3,13,14,22,26,2,5
2010/7/24,2,10,16,18,34,2,3
2010/7/26,1,2,12,19,35,5,7
2010/7/28,1,12,20,21,24,2,8
2010/7/31,3,5,14,30,35,3,6
2010/8/2,4,10,13,18,23,8,10
2010/8/4,8,24,26,31,32,7,9
2010/8/7,6,10,23,26,31,5,7
2010/8/9,2,15,29,30,34,2,12
2010/8/11,2,4,9,28,29,5,8
2010/8/14,20,32,33,34,35,6,7
2010/8/16,12,14,16,19,25,1,6
2010/8/18,4,9,24,30,35,1,10
2010/8/21,9,17,21,28,29,2,8
2010/8/23,2,3,12,13,25,1,7
2010/8/25,3,11,17,21,30,1,8
2010/8/28,19,20,30,33,35,6,8
2010/8/30,11,15,22,27,35,5,8
2010/9/1,4,15,19,24,35,1,10
2010/9/4,10,14,29,30,35,5,8
2010/9/6,14,25,30,32,33,1,11
2010/9/8,5,17,26,27,35,8,9
2010/9/11,5,27,28,29,34,9,12
2010/9/13,14,17,22,27,34,3,5
2010/9/15,1,10,13,19,34,9,12
2010/9/18,1,2,8,11,25,10,12
2010/9/20,21,29,30,33,35,7,11
2010/9/22,3,6,13,14,29,1,2
2010/9/25,14,15,18,34,35,8,10
2010/9/27,5,16,22,23,32,4,10
2010/9/29,3,7,22,25,35,3,11
2010/10/2,5,7,10,15,32,3,8
2010/10/4,14,22,27,28,35,4,10
2010/10/6,4,6,21,27,34,5,9
2010/10/9,19,22,23,29,35,8,10
2010/10/11,5,13,14,23,26,2,3
2010/10/13,8,10,18,34,35,6,10
2010/10/16,21,22,31,32,34,2,12
2010/10/18,5,6,11,13,26,2,7
2010/10/20,18,20,30,32,33,1,11
2010/10/23,1,9,27,29,34,1,6
2010/10/25,1,7,9,14,19,9,12
2010/10/27,3,5,9,13,33,5,11
2010/10/30,3,22,24,30,33,4,10
2010/11/1,6,17,19,29,35,2,8
2010/11/3,14,15,24,25,26,3,7
2010/11/6,5,6,9,10,34,8,11
2010/11/8,10,15,22,28,29,4,12
2010/11/10,18,21,23,25,29,6,11
2010/11/13,11,16,17,21,22,3,6
2010/11/15,9,12,13,19,30,4,5
2010/11/17,14,17,19,26,32,3,4
2010/11/20,3,13,18,30,33,7,8
2010/11/22,22,27,28,33,35,9,11
2010/11/24,8,12,14,19,27,5,6
2010/11/27,3,13,16,19,29,7,9
2010/11/29,6,18,20,30,31,3,6
2010/12/1,5,11,17,23,33,3,10
2010/12/4,10,11,19,21,27,4,6
2010/12/6,10,16,18,22,27,6,8
2010/12/8,2,11,16,22,31,10,11
2010/12/11,18,19,27,28,33,3,6
2010/12/13,14,17,30,31,34,4,10
2010/12/15,1,15,19,21,23,11,12
2010/12/18,3,4,8,10,35,2,6
2010/12/20,5,22,24,25,30,1,6
2010/12/22,5,24,28,29,35,1,9
2010/12/25,1,10,32,33,35,3,8
2010/12/27,2,5,18,22,23,7,12
2010/12/29,6,7,16,24,35,4,6
2011/1/1,7,8,15,32,34,5,12
2011/1/3,11,13,27,28,29,2,6
2011/1/5,1,24,27,30,31,1,6
2011/1/8,7,8,10,23,25,7,9
2011/1/10,1,7,25,27,30,7,12
2011/1/12,2,8,16,26,35,11,12
2011/1/15,14,24,32,33,35,2,9
2011/1/17,1,23,26,27,30,5,6
2011/1/19,9,10,11,14,24,3,8
2011/1/22,4,8,10,14,27,5,7
2011/1/24,2,17,23,24,30,2,9
2011/1/26,3,12,19,25,30,8,11
2011/1/29,5,8,14,28,30,4,6
2011/1/31,2,14,20,21,24,2,9
2011/2/9,8,18,19,22,23,1,3
2011/2/12,15,20,30,33,35,6,9
2011/2/14,16,19,24,26,31,2,4
2011/2/16,16,22,24,32,34,2,10
2011/2/19,8,21,23,27,33,6,11
2011/2/21,9,12,19,22,28,1,5
2011/2/23,1,9,13,17,30,2,8
2011/2/26,9,14,24,25,34,1,4
2011/2/28,5,13,16,18,24,2,12
2011/3/2,12,15,16,20,33,8,12
2011/3/5,8,9,25,28,29,2,10
2011/3/7,1,9,15,20,29,7,9
2011/3/9,5,14,25,34,35,2,5
2011/3/12,1,2,13,17,28,1,4
2011/3/14,3,9,17,24,28,6,12
2011/3/16,15,19,25,30,33,3,8
2011/3/19,12,17,19,22,35,4,11
2011/3/21,7,16,23,31,33,3,10
2011/3/23,3,19,24,29,33,3,9
2011/3/26,3,6,9,17,27,3,9
2011/3/28,3,4,13,15,32,4,9
2011/3/30,3,18,29,30,33,8,9
2011/4/2,1,12,14,22,24,10,12
2011/4/4,7,9,11,13,33,10,12
2011/4/6,1,11,14,22,34,6,8
2011/4/9,3,7,15,18,20,1,6
2011/4/11,4,5,11,13,25,3,6
2011/4/13,6,9,18,30,32,10,12
2011/4/16,2,8,23,33,35,5,10
2011/4/18,11,21,24,26,31,6,7
2011/4/20,13,21,22,29,31,7,11
2011/4/23,9,15,16,19,29,4,6
2011/4/25,2,15,22,33,35,5,8
2011/4/27,13,17,25,27,28,2,3
2011/4/30,5,6,10,22,25,1,9
2011/5/2,4,7,29,32,33,8,10
2011/5/4,6,8,12,17,18,5,10
2011/5/7,13,24,31,32,33,3,9
2011/5/9,3,16,28,31,32,1,9
2011/5/11,5,9,16,26,35,3,10
2011/5/14,1,7,31,32,35,2,10
2011/5/16,3,5,29,30,31,8,10
2011/5/18,7,11,30,31,34,9,12
2011/5/21,1,9,27,32,33,3,6
2011/5/23,9,16,21,29,34,7,10
2011/5/25,3,25,29,32,34,9,10
2011/5/28,6,7,16,18,20,4,10
2011/5/30,6,10,17,20,21,3,7
2011/6/1,10,17,18,26,32,1,5
2011/6/4,1,6,27,30,34,1,6
2011/6/6,3,11,14,25,34,1,4
2011/6/8,6,13,18,20,33,9,10
2011/6/11,10,17,22,24,32,3,10
2011/6/13,1,13,16,18,32,7,9
2011/6/15,3,5,28,29,33,4,12
2011/6/18,9,19,22,29,30,2,8
2011/6/20,27,31,33,34,35,4,6
2011/6/22,3,11,13,20,35,3,8
2011/6/25,13,19,20,22,33,5,11
2011/6/27,7,16,23,28,31,3,6
2011/6/29,6,9,20,23,28,6,10
2011/7/2,18,23,25,29,30,1,2
2011/7/4,5,8,19,33,34,1,12
2011/7/6,4,9,16,27,30,2,6
2011/7/9,1,3,23,30,31,2,10
2011/7/11,5,12,30,31,32,1,3
2011/7/13,4,13,20,21,35,2,9
2011/7/16,7,20,25,30,32,5,9
2011/7/18,6,8,18,20,24,4,8
2011/7/20,14,29,31,34,35,1,12
2011/7/23,2,17,19,21,22,3,10
2011/7/25,4,5,6,9,15,1,6
2011/7/27,6,13,20,25,34,7,9
2011/7/30,20,21,27,29,35,3,8
2011/8/1,5,6,23,27,34,3,4
2011/8/3,2,4,29,30,34,5,8
2011/8/6,11,17,23,29,30,6,8
2011/8/8,10,17,19,32,33,1,12
2011/8/10,4,6,8,19,31,10,11
2011/8/13,11,21,22,32,34,4,8
2011/8/15,9,12,17,19,29,6,11
2011/8/17,3,8,20,24,25,1,2
2011/8/20,4,19,28,31,33,11,12
2011/8/22,6,7,28,33,35,1,10
2011/8/24,2,6,9,12,20,5,8
2011/8/27,8,11,13,28,33,8,9
2011/8/29,5,12,20,28,30,3,7
2011/8/31,19,24,28,31,34,4,12
2011/9/3,3,4,26,29,34,1,3
2011/9/5,7,19,27,28,34,2,5
2011/9/7,2,11,26,32,33,5,12
2011/9/10,1,9,29,30,35,5,9
2011/9/12,2,6,18,30,32,1,8
2011/9/14,7,15,18,24,28,1,7
2011/9/17,1,11,12,22,34,8,10
2011/9/19,30,31,33,34,35,4,7
2011/9/21,2,11,13,23,31,11,12
2011/9/24,6,17,28,32,33,8,12
2011/9/26,4,5,7,10,12,4,5
2011/9/28,6,8,17,27,35,2,11
2011/10/1,17,26,30,31,35,6,11
2011/10/3,10,15,18,19,26,7,12
2011/10/5,10,12,28,32,33,3,5
2011/10/8,4,7,11,32,35,5,7
2011/10/10,4,15,20,26,31,6,12
2011/10/12,20,25,26,30,31,9,10
2011/10/15,2,3,30,31,33,3,9
2011/10/17,3,8,23,24,34,5,12
2011/10/19,10,14,18,19,35,1,6
2011/10/22,8,12,14,20,25,6,8
2011/10/24,7,10,27,34,35,10,12
2011/10/26,7,17,29,30,33,10,12
2011/10/29,1,11,22,26,29,5,8
2011/10/31,3,4,6,11,13,1,2
2011/11/2,1,7,13,18,23,4,8
2011/11/5,8,9,13,23,35,11,12
2011/11/7,3,5,12,18,33,7,11
2011/11/9,12,14,16,19,33,2,9
2011/11/12,4,11,23,26,35,3,12
2011/11/14,1,10,12,14,17,9,10
2011/11/16,6,22,29,33,35,3,12
2011/11/19,8,9,11,19,33,3,12
2011/11/21,2,15,18,23,31,1,2
2011/11/23,17,23,26,30,32,6,12
2011/11/26,4,6,10,15,16,3,4
2011/11/28,1,12,32,33,34,9,11
2011/11/30,2,11,19,22,35,10,12
2011/12/3,4,26,30,33,34,4,6
2011/12/5,8,9,12,25,33,7,10
2011/12/7,7,18,24,28,33,2,3
2011/12/10,7,15,19,24,29,4,6
2011/12/12,9,13,19,29,34,2,11
2011/12/14,1,15,16,27,28,2,7
2011/12/17,7,10,11,26,31,3,4
2011/12/19,2,7,12,29,31,3,5
2011/12/21,13,22,30,33,34,6,12
2011/12/24,7,11,14,20,27,3,10
2011/12/26,1,4,6,21,35,2,11
2011/12/28,6,22,29,30,35,3,5
2011/12/31,4,12,16,20,28,8,11
2012/1/2,7,27,28,32,33,1,12
2012/1/4,3,11,14,26,29,7,8
2012/1/7,16,22,24,33,34,3,10
2012/1/9,10,11,22,31,32,6,7
2012/1/11,1,2,29,31,33,7,12
2012/1/14,3,20,22,25,27,1,9
2012/1/16,4,5,13,17,25,7,10
2012/1/18,6,8,30,31,32,1,11
2012/1/21,6,14,20,29,35,9,10
2012/1/30,25,26,29,32,34,5,7
2012/2/1,5,19,22,29,30,2,4
2012/2/4,6,18,22,30,35,2,7
2012/2/6,7,8,11,12,24,1,2
2012/2/8,10,14,24,30,32,1,12
2012/2/11,12,13,24,26,33,6,8
2012/2/13,5,14,20,29,31,8,12
2012/2/15,6,11,22,29,34,3,12
2012/2/18,3,10,14,29,31,4,8
2012/2/20,7,9,17,30,34,1,12
2012/2/22,12,14,27,29,34,3,6
2012/2/25,10,15,21,31,34,7,8
2012/2/27,7,12,20,33,35,1,10
2012/2/29,7,9,17,29,35,9,10
2012/3/3,3,11,17,21,30,3,7
2012/3/5,1,2,5,12,27,4,7
2012/3/7,10,11,22,23,29,2,9
2012/3/10,3,10,11,22,31,5,7
2012/3/12,10,12,15,33,34,3,10
2012/3/14,4,7,8,18,29,7,10
2012/3/17,3,21,22,26,32,1,3
2012/3/19,19,21,23,25,30,3,8
2012/3/21,7,8,16,26,34,7,11
2012/3/24,8,13,19,27,32,1,8
2012/3/26,1,8,15,16,29,8,9
2012/3/28,1,4,30,32,35,8,12
2012/3/31,1,9,20,30,31,8,12
2012/4/2,9,13,27,31,35,3,10
2012/4/4,11,23,25,31,35,1,3
2012/4/7,15,21,22,24,35,1,5
2012/4/9,2,13,23,28,29,1,5
2012/4/11,1,2,13,22,23,2,10
2012/4/14,7,24,27,28,35,7,12
2012/4/16,1,6,25,31,34,3,9
2012/4/18,3,4,14,32,35,1,2
2012/4/21,5,11,17,20,28,11,12
2012/4/23,4,8,19,23,27,4,11
2012/4/25,5,7,17,30,34,3,10
2012/4/28,6,9,26,30,35,5,6
2012/4/30,9,18,22,27,31,10,12
2012/5/2,13,17,22,28,29,1,10
2012/5/5,1,2,17,18,33,5,12
2012/5/7,10,20,26,31,33,10,12
2012/5/9,11,12,26,28,31,7,12
2012/5/12,1,16,18,27,30,10,11
2012/5/14,7,22,26,32,33,1,8
2012/5/16,11,21,23,26,34,7,9
2012/5/19,1,2,14,33,34,3,5
2012/5/21,13,21,29,31,35,4,12
2012/5/23,9,13,19,21,27,3,4
2012/5/26,2,16,21,24,30,6,10
2012/5/28,5,10,14,27,33,7,9
2012/5/30,21,32,33,34,35,8,9
2012/6/2,11,25,26,29,35,1,2
2012/6/4,9,12,13,15,30,9,10
2012/6/6,10,22,28,29,34,5,11
2012/6/9,1,20,25,29,33,4,6
2012/6/11,20,22,27,30,33,1,2
2012/6/13,1,21,31,32,35,3,6
2012/6/16,2,4,22,25,34,2,11
2012/6/18,9,22,23,32,34,6,8
2012/6/20,13,23,29,31,34,6,8
2012/6/23,4,8,17,22,25,4,10
2012/6/25,18,23,29,33,34,2,7
2012/6/27,10,22,23,30,32,1,7
2012/6/30,7,9,10,18,22,5,10
2012/7/2,2,14,16,22,24,2,5
2012/7/4,10,30,32,33,34,2,3
2012/7/7,1,2,23,25,35,5,12
2012/7/9,1,5,25,32,33,1,10
2012/7/11,11,12,14,25,28,2,5
2012/7/14,10,16,17,30,35,1,8
2012/7/16,2,4,9,10,15,8,10
2012/7/18,16,19,28,29,31,5,8
2012/7/21,21,24,27,29,31,1,2
2012/7/23,7,18,29,31,33,10,12
2012/7/25,3,20,25,29,32,5,10
2012/7/28,1,6,7,21,31,4,11
2012/7/30,13,17,24,30,35,2,10
2012/8/1,6,12,21,29,32,6,11
2012/8/4,2,21,27,29,33,2,10
2012/8/6,3,10,28,31,33,1,9
2012/8/8,8,9,23,25,31,2,12
2012/8/11,2,16,21,31,33,4,11
2012/8/13,2,14,23,32,35,1,10
2012/8/15,6,9,22,27,30,8,12
2012/8/18,5,10,19,24,35,8,9
2012/8/20,9,17,24,29,32,1,2
2012/8/22,2,11,28,29,30,6,12
2012/8/25,12,18,24,25,32,2,12
2012/8/27,7,9,13,19,27,1,3
2012/8/29,2,5,8,9,31,3,7
2012/9/1,2,4,6,13,35,4,8
2012/9/3,2,9,18,23,24,1,4
2012/9/5,16,18,24,25,27,4,9
2012/9/8,5,6,14,15,31,6,8
2012/9/10,15,23,25,29,31,9,10
2012/9/12,4,7,9,22,33,1,3
2012/9/15,6,7,12,24,35,2,6
2012/9/17,1,22,30,32,35,9,11
2012/9/19,1,11,17,19,26,5,12
2012/9/22,1,24,25,30,33,4,11
2012/9/24,1,2,28,31,35,5,7
2012/9/26,3,10,22,27,29,3,12
2012/9/29,3,6,21,33,35,1,7
2012/10/1,1,6,13,19,23,6,9
2012/10/3,1,11,18,20,22,7,10
2012/10/6,1,12,18,21,33,7,8
2012/10/8,5,17,25,30,33,1,12
2012/10/10,5,6,9,19,32,6,9
2012/10/13,2,10,21,23,29,3,4
2012/10/15,7,18,20,29,30,5,6
2012/10/17,23,24,25,29,31,3,12
2012/10/20,5,8,18,30,33,1,9
2012/10/22,7,11,19,20,35,5,10
2012/10/24,6,14,17,22,35,1,2
2012/10/27,13,14,21,28,29,5,10
2012/10/29,12,13,14,25,35,10,12
2012/10/31,9,10,19,30,31,4,11
2012/11/3,1,7,21,28,31,3,9
2012/11/5,14,19,23,29,30,6,7
2012/11/7,2,16,18,27,30,8,12
2012/11/10,5,8,21,25,33,1,11
2012/11/12,5,7,13,29,30,1,5
2012/11/14,1,6,18,32,35,2,7
2012/11/17,3,5,17,18,33,6,7
2012/11/19,2,23,29,30,31,1,4
2012/11/21,3,12,20,21,27,1,6
2012/11/24,13,17,27,31,33,6,12
2012/11/26,9,10,12,22,25,4,11
2012/11/28,7,17,27,28,29,9,10
2012/12/1,3,11,19,23,34,2,12
2012/12/3,15,19,29,34,35,7,10
2012/12/5,9,27,29,30,31,3,6
2012/12/8,11,13,14,21,29,1,10
2012/12/10,5,22,31,33,35,6,9
2012/12/12,1,10,13,17,26,6,8
2012/12/15,2,3,17,19,33,2,9
2012/12/17,4,16,27,29,34,6,11
2012/12/19,2,10,23,33,34,5,10
2012/12/22,2,14,18,24,31,2,3
2012/12/24,3,19,20,24,33,3,4
2012/12/26,4,17,26,33,34,2,8
2012/12/29,8,9,10,13,22,5,10
2012/12/31,3,26,27,31,32,3,9
2013/1/2,6,9,11,31,32,5,11
2013/1/5,4,20,27,31,32,6,12
2013/1/7,1,16,18,21,31,9,12
2013/1/9,7,8,12,20,25,3,7
2013/1/12,18,22,26,28,31,10,12
2013/1/14,8,20,25,31,32,5,7
2013/1/16,14,29,32,33,34,3,6
2013/1/19,2,7,25,29,34,3,6
2013/1/21,10,17,19,27,29,5,12
2013/1/23,9,15,17,18,29,9,11
2013/1/26,1,2,8,15,23,6,9
2013/1/28,1,14,31,32,34,2,11
2013/1/30,13,15,29,30,35,1,11
2013/2/2,5,8,25,29,31,2,4
2013/2/4,14,15,26,32,33,1,11
2013/2/6,5,15,19,27,32,8,9
2013/2/16,11,14,22,29,34,5,11
2013/2/18,20,23,31,33,34,3,9
2013/2/20,6,12,17,29,30,7,11
2013/2/23,6,11,20,31,32,5,9
2013/2/25,23,24,28,30,33,1,11
2013/2/27,3,4,13,17,23,3,8
2013/3/2,5,19,24,26,35,5,7
2013/3/4,9,12,14,18,24,1,4
2013/3/6,3,23,25,26,28,10,12
2013/3/9,2,10,16,30,33,5,6
2013/3/11,3,12,14,24,35,3,8
2013/3/13,13,19,28,30,34,8,12
2013/3/16,5,7,17,25,26,4,10
2013/3/18,3,5,9,10,28,5,7
2013/3/20,12,17,18,26,32,10,11
2013/3/23,12,27,28,33,35,1,8
2013/3/25,12,18,22,28,31,1,11
2013/3/27,1,3,11,19,29,4,8
2013/3/30,5,14,28,32,34,7,8
2013/4/1,8,12,32,33,35,3,5
2013/4/3,2,26,31,32,34,6,8
2013/4/6,1,19,24,25,26,7,9
2013/4/8,6,23,30,33,35,7,10
2013/4/10,16,17,22,26,35,3,10
2013/4/13,3,13,14,15,34,5,8
2013/4/15,2,6,22,23,33,1,6
2013/4/17,7,13,25,34,35,7,9
2013/4/20,7,11,13,18,28,5,10
2013/4/22,8,11,12,21,25,2,7
2013/4/24,15,16,19,25,32,5,11
2013/4/27,12,20,28,30,35,3,11
2013/4/29,10,11,23,32,33,1,4
2013/5/1,18,22,25,31,32,4,6
2013/5/4,14,22,30,32,33,7,8
2013/5/6,5,8,15,18,33,7,8
2013/5/8,1,2,10,29,31,1,10
2013/5/11,13,31,33,34,35,5,7
2013/5/13,5,8,21,30,32,1,8
2013/5/15,4,5,22,23,24,3,9
2013/5/18,11,22,30,32,35,3,4
2013/5/20,7,15,27,33,35,7,10
2013/5/22,20,21,27,31,35,7,11
2013/5/25,3,8,11,24,27,7,12
2013/5/27,15,25,26,32,35,5,10
2013/5/29,1,14,18,21,32,5,10
2013/6/1,1,5,8,9,12,9,12
2013/6/3,3,5,11,27,28,5,6
2013/6/5,21,24,26,28,32,1,3
2013/6/8,9,28,31,34,35,2,9
2013/6/10,6,7,13,33,34,2,11
2013/6/12,2,3,5,8,29,10,12
2013/6/15,10,17,27,34,35,5,7
2013/6/17,6,12,13,16,30,7,12
2013/6/19,9,12,18,21,29,1,8
2013/6/22,13,19,26,27,28,3,11
2013/6/24,12,27,28,33,35,3,5
2013/6/26,3,5,23,27,31,2,6
2013/6/29,6,14,20,24,32,1,7
2013/7/1,1,11,13,19,35,7,8
2013/7/3,13,15,16,26,27,9,10
2013/7/6,24,26,30,32,35,6,12
2013/7/8,2,7,23,31,33,2,8
2013/7/10,9,10,17,21,34,1,7
2013/7/13,6,21,23,27,31,4,6
2013/7/15,7,9,15,17,23,2,7
2013/7/17,3,9,25,26,33,3,12
2013/7/20,26,29,30,32,35,4,10
2013/7/22,8,22,26,29,35,1,5
2013/7/24,8,19,23,27,32,3,5
2013/7/27,9,16,26,29,31,6,9
2013/7/29,9,12,22,32,34,2,4
2013/7/31,3,5,8,33,35,1,3
2013/8/3,6,7,23,24,29,4,11
2013/8/5,2,26,30,31,33,11,12
2013/8/7,4,9,28,34,35,2,8
2013/8/10,7,10,21,27,33,3,9
2013/8/12,1,5,17,18,26,5,7
2013/8/14,3,28,33,34,35,6,9
2013/8/17,3,17,28,30,33,1,10
2013/8/19,17,19,20,22,26,6,8
2013/8/21,7,8,13,17,32,3,8
2013/8/24,2,6,16,29,34,10,11
2013/8/26,4,11,28,30,33,5,12
2013/8/28,9,12,24,26,30,5,9
2013/8/31,4,9,13,15,32,2,9
2013/9/2,6,12,15,19,26,2,11
2013/9/4,5,8,13,16,31,3,9
2013/9/7,2,5,11,27,29,1,11
2013/9/9,7,13,27,30,34,1,12
2013/9/11,6,7,12,13,27,3,12
2013/9/14,7,13,14,18,25,5,12
2013/9/16,5,10,13,15,18,2,11
2013/9/18,13,20,26,29,32,2,6
2013/9/21,7,16,18,32,33,2,7
2013/9/23,7,12,13,20,27,1,3
2013/9/25,2,10,20,22,29,5,12
2013/9/28,19,21,23,28,30,8,12
2013/9/30,6,17,21,23,33,1,9
2013/10/2,5,16,29,32,34,4,11
2013/10/5,13,22,23,30,33,9,11
2013/10/7,5,16,23,25,33,7,12
2013/10/9,4,6,11,20,31,1,5
2013/10/12,1,2,16,23,35,1,11
2013/10/14,6,14,15,22,26,3,11
2013/10/16,3,18,19,20,24,3,12
2013/10/19,15,17,20,24,35,4,12
2013/10/21,2,9,10,33,34,5,12
2013/10/23,5,7,18,21,32,10,11
2013/10/26,4,8,14,23,28,4,8
2013/10/28,9,10,15,18,30,3,6
2013/10/30,3,14,16,19,32,5,10
2013/11/2,11,13,27,33,35,1,2
2013/11/4,11,23,29,30,33,1,4
2013/11/6,8,9,15,19,30,6,9
2013/11/9,12,15,29,30,31,4,12
2013/11/11,23,26,28,31,34,2,10
2013/11/13,2,8,10,16,17,9,12
2013/11/16,2,13,19,23,32,2,9
2013/11/18,4,13,19,25,26,7,12
2013/11/20,5,11,15,25,28,5,11
2013/11/23,4,12,32,33,34,6,8
2013/11/25,3,8,13,17,24,7,9
2013/11/27,5,6,18,20,31,6,7
2013/11/30,1,12,17,26,28,1,6
2013/12/2,5,15,18,25,31,8,10
2013/12/4,6,11,25,28,29,4,12
2013/12/7,3,8,14,21,31,6,8
2013/12/9,3,20,21,23,35,2,8
2013/12/11,2,13,15,18,20,2,11
2013/12/14,6,7,15,25,31,1,9
2013/12/16,3,9,22,24,25,5,9
2013/12/18,2,5,9,29,32,3,7
2013/12/21,6,7,8,9,13,5,7
2013/12/23,6,7,14,18,22,8,11
2013/12/25,2,13,21,27,30,3,4
2013/12/28,9,12,14,18,19,3,9
2013/12/30,4,5,16,17,30,3,9
2014/1/1,5,13,20,23,29,8,11
2014/1/4,1,12,21,24,29,1,7
2014/1/6,7,11,13,21,33,5,6
2014/1/8,7,10,19,27,28,9,12
2014/1/11,15,17,18,29,33,4,8
2014/1/13,1,4,7,16,35,6,8
2014/1/15,8,11,14,21,32,3,11
2014/1/18,11,13,20,28,35,1,5
2014/1/20,10,18,25,29,33,7,8
2014/1/22,5,10,20,26,27,1,3
2014/1/25,4,6,14,24,35,7,12
2014/1/27,9,20,21,23,29,5,7
2014/1/29,10,11,13,22,28,4,12
2014/2/8,1,9,11,27,29,3,11
2014/2/10,4,6,18,20,30,5,7
2014/2/12,4,6,13,24,34,4,9
2014/2/15,5,10,11,23,34,1,10
2014/2/17,8,9,12,28,34,2,12
2014/2/19,7,12,22,29,32,11,12
2014/2/22,1,14,17,30,35,6,7
2014/2/24,6,10,17,23,24,3,9
2014/2/26,3,6,10,16,25,10,11
2014/3/1,4,13,15,29,33,5,9
2014/3/3,7,11,15,31,32,6,11
2014/3/5,19,20,27,32,34,6,8
2014/3/8,5,10,12,15,26,4,8
2014/3/10,9,10,24,28,29,10,12
2014/3/12,3,10,20,25,30,10,12
2014/3/15,3,21,22,23,35,5,9
2014/3/17,3,14,18,29,35,11,12
2014/3/19,6,15,27,32,33,3,4
2014/3/22,2,5,6,9,31,2,9
2014/3/24,1,7,8,28,29,4,8
2014/3/26,3,11,14,27,32,5,7
2014/3/29,9,12,14,28,29,3,10
2014/3/31,1,2,12,17,29,3,8
2014/4/2,3,4,8,19,34,2,4
2014/4/5,7,8,12,20,32,3,5
2014/4/7,2,5,11,15,20,8,11
2014/4/9,12,15,21,30,33,2,8
2014/4/12,5,7,11,15,18,5,12
2014/4/14,16,21,25,27,35,6,11
2014/4/16,1,11,23,29,30,1,12
2014/4/19,22,23,25,27,35,3,11
2014/4/21,6,10,12,16,30,2,11
2014/4/23,3,15,18,21,26,1,6
2014/4/26,6,17,18,30,34,6,12
2014/4/28,1,2,5,15,35,1,11
2014/4/30,3,15,17,22,31,3,5
2014/5/3,10,18,27,28,35,1,6
2014/5/5,1,7,11,29,30,3,11
2014/5/7,14,19,21,24,30,2,7
2014/5/10,2,11,17,27,30,3,4
2014/5/12,2,3,20,25,34,1,12
2014/5/14,4,23,26,27,35,10,11
2014/5/17,12,18,28,29,35,7,8
2014/5/19,8,10,20,27,33,1,9
2014/5/21,9,15,22,24,26,2,7
2014/5/24,7,15,17,25,29,4,11
2014/5/26,12,22,29,30,34,5,11
2014/5/28,4,11,17,20,29,6,10
2014/5/31,4,7,17,24,25,2,4
2014/6/2,11,17,21,23,34,3,4
2014/6/4,8,15,33,34,35,1,8
2014/6/7,7,12,19,31,33,7,12
2014/6/9,8,14,16,20,31,3,11
2014/6/11,3,18,23,24,31,3,7
2014/6/14,5,15,24,29,35,5,6
2014/6/16,16,22,27,29,31,2,9
2014/6/18,1,2,7,10,32,4,12
2014/6/21,4,14,15,22,23,1,7
2014/6/23,17,19,22,24,30,2,9
2014/6/25,4,5,7,13,35,5,6
2014/6/28,6,11,22,27,30,5,11
2014/6/30,5,7,29,32,35,4,10
2014/7/2,5,10,19,31,32,9,10
2014/7/5,9,16,26,31,32,1,5
2014/7/7,10,15,16,22,28,4,5
2014/7/9,9,10,20,31,32,6,10
2014/7/12,17,20,23,25,27,3,10
2014/7/14,3,5,8,10,25,9,12
2014/7/16,1,8,18,23,25,8,12
2014/7/19,18,20,24,33,35,5,10
2014/7/21,2,7,9,11,28,5,9
2014/7/23,6,12,13,25,29,11,12
2014/7/26,6,8,27,29,35,3,9
2014/7/28,4,7,31,33,35,9,10
2014/7/30,7,13,20,25,26,8,11
2014/8/2,2,8,12,29,30,7,12
2014/8/4,2,3,20,23,28,6,8
2014/8/6,10,16,18,29,32,2,7
2014/8/9,2,18,27,30,32,5,11
2014/8/11,3,8,30,32,34,9,11
2014/8/13,13,14,24,25,34,4,7
2014/8/16,6,22,30,31,34,5,6
2014/8/18,3,7,21,23,31,5,10
2014/8/20,3,15,20,21,23,7,9
2014/8/23,16,18,22,25,35,3,10
2014/8/25,15,21,22,23,33,1,7
2014/8/27,2,4,8,12,35,1,7
2014/8/30,9,10,12,17,28,3,11
2014/9/1,1,7,14,19,20,3,12
2014/9/3,14,20,23,25,26,10,12
2014/9/6,7,13,14,28,32,4,11
2014/9/8,4,10,26,29,32,4,8
2014/9/10,5,9,11,20,22,5,11
2014/9/13,5,13,14,21,34,8,10
2014/9/15,1,2,13,23,35,9,12
2014/9/17,15,18,20,21,23,1,2
2014/9/20,9,18,19,22,24,8,11
2014/9/22,11,16,18,20,29,3,4
2014/9/24,3,5,14,18,32,2,10
2014/9/27,2,13,17,19,23,1,6
2014/9/29,3,16,24,30,33,5,8
2014/10/1,1,5,26,29,30,2,10
2014/10/4,6,13,15,24,27,4,5
2014/10/6,3,14,17,18,33,6,9
2014/10/8,2,3,23,24,26,5,11
2014/10/11,4,8,9,13,18,8,12
2014/10/13,1,4,6,18,33,5,11
2014/10/15,13,16,18,22,32,8,10
2014/10/18,3,10,25,26,35,1,7
2014/10/20,1,9,12,22,25,2,9
2014/10/22,1,3,28,29,35,8,12
2014/10/25,12,15,19,23,31,4,10
2014/10/27,2,9,22,30,34,9,10
2014/10/29,2,4,6,15,19,2,11
2014/11/1,2,4,16,22,34,8,11
2014/11/3,7,22,28,30,32,5,6
2014/11/5,2,18,31,32,33,5,7
2014/11/8,3,16,19,23,27,3,7
2014/11/10,1,3,4,19,32,1,7
2014/11/12,2,8,12,14,18,4,12
2014/11/15,2,5,7,11,32,9,12
2014/11/17,20,26,28,30,35,9,12
2014/11/19,4,18,20,34,35,7,11
2014/11/22,2,11,16,22,34,2,5
2014/11/24,1,7,29,32,34,9,12
2014/11/26,3,5,7,15,34,1,10
2014/11/29,1,19,20,25,34,7,12
2014/12/1,4,17,20,26,29,5,8
2014/12/3,18,21,25,28,30,4,6
2014/12/6,1,11,14,18,25,6,10
2014/12/8,1,21,24,25,35,4,11
2014/12/10,15,19,22,24,26,10,11
2014/12/13,2,16,23,24,28,10,11
2014/12/15,5,9,14,26,34,2,9
2014/12/17,3,9,10,11,20,7,9
2014/12/20,2,13,19,26,35,1,5
2014/12/22,19,21,30,33,35,5,7
2014/12/24,3,8,26,31,32,8,12
2014/12/27,5,12,18,24,33,1,5
2014/12/29,1,8,13,24,32,5,10
2014/12/31,5,12,17,23,28,2,9
2015/1/3,8,9,19,27,30,6,7
2015/1/5,3,14,20,26,32,6,10
2015/1/7,12,19,27,28,34,1,12
2015/1/10,3,12,14,18,28,5,6
2015/1/12,11,14,15,18,19,7,8
2015/1/14,6,8,30,32,33,3,7
2015/1/17,2,7,8,14,31,4,8
2015/1/19,7,10,11,15,17,3,10
2015/1/21,17,22,26,27,33,6,10
2015/1/24,2,6,17,30,35,2,7
2015/1/26,4,13,22,25,30,1,6
2015/1/28,3,4,6,11,31,5,9
2015/1/31,11,15,25,28,35,7,10
2015/2/2,8,16,25,29,35,3,10
2015/2/4,1,5,13,17,32,4,11
2015/2/7,6,7,16,20,34,9,11
2015/2/9,7,13,16,17,29,1,7
2015/2/11,4,7,10,23,31,3,7
2015/2/14,2,8,16,22,24,1,3
2015/2/16,11,26,28,29,32,1,4
2015/2/25,22,23,24,26,31,5,6
2015/2/28,9,11,14,15,26,11,12
2015/3/2,6,9,11,12,22,3,11
2015/3/4,2,6,8,16,34,3,4
2015/3/7,7,10,20,22,27,10,11
2015/3/9,11,13,14,15,22,2,8
2015/3/11,5,21,22,25,28,3,10
2015/3/14,3,9,28,32,33,9,10
2015/3/16,7,10,19,30,35,3,5
2015/3/18,9,18,19,26,31,2,5
2015/3/21,7,21,29,32,33,4,12
2015/3/23,6,21,25,27,30,7,11
2015/3/25,3,17,22,26,28,3,7
2015/3/28,4,8,15,18,26,5,9
2015/3/30,22,24,29,30,35,1,10
2015/4/1,14,18,20,23,24,4,8
2015/4/4,10,16,21,28,31,7,8
2015/4/6,12,19,22,31,35,7,8
2015/4/8,3,6,7,16,25,1,6
2015/4/11,2,9,10,23,35,9,12
2015/4/13,1,11,21,23,28,1,10
2015/4/15,3,7,12,17,24,2,11
2015/4/18,2,20,22,25,29,2,7
2015/4/20,16,18,27,31,33,1,3
2015/4/22,8,9,22,29,30,8,12
2015/4/25,5,7,10,22,26,4,10
2015/4/27,1,2,17,23,31,5,12
2015/4/29,10,11,22,24,33,2,9
2015/5/2,8,9,11,15,22,8,10
2015/5/4,6,7,10,20,28,2,7
2015/5/6,1,2,11,16,21,1,5
2015/5/9,13,19,24,27,29,7,8
2015/5/11,8,25,28,29,32,4,7
2015/5/13,2,9,15,24,34,3,9
2015/5/16,6,11,14,20,30,5,10
2015/5/18,6,12,19,26,35,3,10
2015/5/20,1,5,7,14,26,4,6
2015/5/23,10,14,20,27,30,7,12
2015/5/25,7,9,19,23,32,1,3
2015/5/27,16,24,25,26,33,4,11
2015/5/30,6,7,8,16,22,2,10
2015/6/1,6,7,13,14,15,1,4
2015/6/3,1,4,6,34,35,2,4
2015/6/6,2,8,20,28,31,7,10
2015/6/8,4,5,7,13,35,8,11
2015/6/10,1,3,7,13,29,2,10
2015/6/13,4,10,18,24,27,4,11
2015/6/15,2,3,20,31,35,4,8
2015/6/17,2,9,11,22,25,1,7
2015/6/20,3,9,12,17,18,4,12
2015/6/22,4,6,13,16,34,4,10
2015/6/24,19,20,21,31,33,9,10
2015/6/27,9,26,27,30,34,1,6
2015/6/29,1,12,21,27,33,4,9
2015/7/1,13,14,26,27,33,10,12
2015/7/4,3,19,21,31,34,5,12
2015/7/6,1,16,17,22,28,2,9
2015/7/8,19,24,26,28,33,1,2
2015/7/11,1,9,17,23,24,4,5
2015/7/13,14,20,29,30,32,3,8
2015/7/15,3,4,10,13,17,5,9
2015/7/18,8,15,28,31,33,3,6
2015/7/20,14,16,19,25,29,10,12
2015/7/22,10,20,21,32,34,6,7
2015/7/25,2,3,4,6,16,3,12
2015/7/27,5,9,11,15,32,4,9
2015/7/29,2,5,15,17,22,1,11
2015/8/1,5,15,28,31,34,11,12
2015/8/3,5,12,18,20,27,10,12
2015/8/5,6,9,11,17,21,6,8
2015/8/8,2,7,28,29,30,3,7
2015/8/10,2,14,21,27,34,5,8
2015/8/12,16,17,25,26,27,2,4
2015/8/15,2,3,10,11,29,3,7
2015/8/17,8,14,26,34,35,5,10
2015/8/19,3,9,12,18,21,2,6
2015/8/22,4,16,17,26,27,1,4
2015/8/24,9,14,21,27,33,6,9
2015/8/26,9,12,14,22,25,5,10
2015/8/29,9,15,18,23,32,5,7
2015/8/31,6,12,17,18,32,7,12
2015/9/2,11,14,15,33,34,3,12
2015/9/5,7,9,15,25,34,4,10
2015/9/7,16,19,25,30,34,4,9
2015/9/9,8,9,15,21,27,5,9
2015/9/12,2,11,13,22,30,2,3
2015/9/14,3,23,25,28,29,6,7
2015/9/16,1,13,16,26,31,7,12
2015/9/19,1,6,11,22,31,3,12
2015/9/21,2,7,10,22,30,7,11
2015/9/23,7,8,16,24,28,3,10
2015/9/26,4,5,15,19,28,4,11
2015/9/28,1,14,21,29,33,2,10
2015/9/30,9,18,24,31,34,2,10
2015/10/3,8,12,13,14,16,3,9
2015/10/5,7,10,19,24,33,3,7
2015/10/7,6,17,20,30,33,10,11
2015/10/10,3,7,20,24,31,4,9
2015/10/12,1,8,12,16,21,6,11
2015/10/14,1,9,15,24,32,5,10
2015/10/17,2,4,17,27,28,4,6
2015/10/19,11,13,15,26,35,6,11
2015/10/21,4,15,27,29,30,2,10
2015/10/24,4,6,12,31,32,3,6
2015/10/26,2,3,15,17,28,8,10
2015/10/28,4,5,8,9,21,3,6
2015/10/31,9,11,14,19,30,3,8
2015/11/2,10,12,23,30,32,3,4
2015/11/4,1,6,23,25,29,3,9
2015/11/7,17,25,31,32,34,2,12
2015/11/9,11,17,19,20,27,2,3
2015/11/11,3,8,14,18,27,1,5
2015/11/14,3,7,8,25,30,4,8
2015/11/16,1,2,6,15,35,4,7
2015/11/18,5,16,20,25,29,6,8
2015/11/21,5,20,23,29,32,2,10
2015/11/23,14,17,21,23,26,8,11
2015/11/25,1,16,20,29,32,4,7
2015/11/28,2,3,5,25,32,5,7
2015/11/30,1,11,15,26,35,6,11
2015/12/2,2,4,15,19,31,2,3
2015/12/5,12,14,22,26,30,3,6
2015/12/7,9,20,31,33,35,10,11
2015/12/9,1,9,24,26,29,6,11
2015/12/12,6,7,20,29,32,11,12
2015/12/14,4,15,19,27,31,4,11
2015/12/16,1,2,13,18,19,8,10
2015/12/19,8,11,27,31,33,8,9
2015/12/21,4,6,10,12,28,2,8
2015/12/23,4,13,18,25,33,3,7
2015/12/26,15,16,18,30,35,1,7
2015/12/28,4,5,22,29,35,2,11
2015/12/30,1,7,22,27,33,2,11
2016/1/2,1,7,19,20,30,5,10
2016/1/4,7,12,18,25,35,7,9
2016/1/6,4,12,17,22,26,6,7
2016/1/9,10,20,23,32,35,9,10
2016/1/11,6,9,12,15,20,8,11
2016/1/13,14,16,17,22,24,2,9
2016/1/16,2,5,14,32,35,1,3
2016/1/18,5,12,31,34,35,4,5
2016/1/20,5,8,10,17,20,2,12
2016/1/23,12,13,15,16,28,2,5
2016/1/25,2,8,10,15,23,5,10
2016/1/27,5,7,11,23,28,3,12
2016/1/30,3,21,23,31,35,2,11
2016/2/1,6,8,21,24,27,2,10
2016/2/3,1,4,10,13,30,3,9
2016/2/6,3,10,22,29,32,2,5
2016/2/15,11,18,24,28,29,5,10
2016/2/17,5,10,13,27,33,8,11
2016/2/20,4,11,15,20,26,8,9
2016/2/22,1,16,22,29,30,2,9
2016/2/24,1,4,9,10,35,9,11
2016/2/27,4,18,21,30,35,2,11
2016/2/29,4,9,14,25,27,6,11
2016/3/2,1,2,11,15,18,4,8
2016/3/5,3,6,13,23,24,7,10
2016/3/7,2,6,29,30,34,1,7
2016/3/9,6,11,13,15,28,2,6
2016/3/12,13,18,20,23,31,3,6
2016/3/14,20,26,27,29,32,5,12
2016/3/16,10,19,21,29,33,4,6
2016/3/19,3,14,24,27,29,4,11
2016/3/21,5,9,14,20,33,5,12
2016/3/23,3,14,15,31,35,9,10
2016/3/26,14,18,31,32,35,9,10
2016/3/28,17,22,24,25,29,9,12
2016/3/30,7,15,26,30,31,3,6
2016/4/2,3,5,13,24,34,3,5
2016/4/4,3,7,9,15,33,5,12
2016/4/6,1,8,16,22,28,4,5
2016/4/9,20,22,29,30,35,1,6
2016/4/11,12,23,24,27,34,3,6
2016/4/13,2,6,8,19,24,1,6
2016/4/16,1,9,16,33,34,9,12
2016/4/18,1,6,10,20,31,5,11
2016/4/20,7,11,25,30,33,2,8
2016/4/23,3,19,22,32,34,8,12
2016/4/25,2,3,23,29,32,5,9
2016/4/27,4,12,17,25,27,4,10
2016/4/30,3,4,5,27,33,4,9
2016/5/2,7,17,21,29,35,4,5
2016/5/4,16,21,23,24,32,7,8
2016/5/7,8,14,19,20,33,10,11
2016/5/9,4,13,15,30,35,3,5
2016/5/11,2,5,9,21,30,6,7
2016/5/14,6,21,27,30,34,4,9
2016/5/16,10,12,14,31,35,4,5
2016/5/18,8,17,19,23,30,3,8
2016/5/21,2,15,17,23,28,5,9
2016/5/23,2,10,27,28,33,5,7
2016/5/25,2,6,22,27,34,8,11
2016/5/28,9,15,17,21,23,7,12
2016/5/30,2,10,14,15,35,1,9
2016/6/1,8,12,22,27,35,5,9
2016/6/4,1,2,10,18,35,5,11
2016/6/6,1,9,18,22,24,11,12
2016/6/8,10,28,29,31,33,5,11
2016/6/11,2,8,11,13,19,2,8
2016/6/13,5,7,22,26,34,7,12
2016/6/15,14,17,19,23,30,2,9
2016/6/18,2,9,13,19,23,5,7
2016/6/20,8,15,19,20,33,7,12
2016/6/22,16,20,24,26,31,4,9
2016/6/25,7,14,17,24,27,8,10
2016/6/27,1,5,7,11,14,3,8
2016/6/29,3,7,17,22,31,8,12
2016/7/2,3,8,10,17,31,5,6
2016/7/4,9,11,14,16,35,2,5
2016/7/6,7,18,29,31,35,5,11
2016/7/9,7,14,15,20,27,5,10
2016/7/11,15,20,29,30,33,7,12
2016/7/13,6,7,18,21,33,3,8
2016/7/16,3,8,23,28,29,2,7
2016/7/18,1,5,9,33,35,1,5
2016/7/20,8,12,15,26,35,1,8
2016/7/23,14,15,27,31,32,1,7
2016/7/25,3,5,22,25,30,7,9
2016/7/27,3,16,17,23,25,7,9
2016/7/30,4,6,17,21,30,6,11
2016/8/1,7,14,17,28,34,7,10
2016/8/3,4,6,8,28,32,7,12
2016/8/6,8,13,17,21,22,2,8
2016/8/8,2,13,31,33,34,7,11
2016/8/10,1,8,14,30,35,6,7
2016/8/13,1,14,16,17,18,5,7
2016/8/15,8,12,18,19,21,3,6
2016/8/17,1,6,8,12,21,5,10
2016/8/20,6,8,18,31,33,10,12
2016/8/22,8,9,11,20,29,4,5
2016/8/24,3,4,12,14,27,1,5
2016/8/27,8,12,19,26,30,2,12
2016/8/29,4,6,28,33,35,7,12
2016/8/31,3,5,6,34,35,3,12
2016/9/3,5,14,20,23,29,3,11
2016/9/5,1,20,22,23,30,6,7
2016/9/7,8,11,31,34,35,1,2
2016/9/10,3,21,30,33,35,1,4
2016/9/12,2,6,19,24,26,4,6
2016/9/14,10,17,22,23,25,7,9
2016/9/17,3,25,28,31,34,11,12
2016/9/19,7,20,21,23,30,7,10
2016/9/21,4,9,22,26,27,2,12
2016/9/24,7,22,23,31,32,4,5
2016/9/26,10,11,17,30,34,3,12
2016/9/28,16,17,20,32,33,3,7
2016/10/1,1,4,15,31,34,2,11
2016/10/3,4,6,8,19,34,10,12
2016/10/5,3,9,14,16,23,2,9
2016/10/8,12,15,18,24,29,3,11
2016/10/10,2,3,9,21,22,5,10
2016/10/12,3,10,20,32,34,4,7
2016/10/15,4,5,8,15,20,1,6
2016/10/17,1,3,12,14,29,2,6
2016/10/19,4,5,13,20,32,1,10
2016/10/22,4,13,24,26,29,8,11
2016/10/24,6,7,8,28,30,1,2
2016/10/26,11,13,16,19,24,6,8
2016/10/29,1,5,15,24,26,9,10
2016/10/31,17,20,22,30,33,7,8
2016/11/2,7,8,19,30,35,8,9
2016/11/5,11,23,32,33,34,1,12
2016/11/7,6,13,25,28,30,2,7
2016/11/9,4,18,19,22,35,1,2
2016/11/12,1,4,5,23,28,5,9
2016/11/14,1,3,31,32,34,2,7
2016/11/16,1,10,12,18,35,1,12
2016/11/19,5,6,7,19,23,4,11
2016/11/21,7,20,23,29,34,2,10
2016/11/23,12,13,16,29,35,5,11
2016/11/26,13,21,30,31,35,1,8
2016/11/28,12,16,23,29,34,4,11
2016/11/30,2,6,7,19,28,11,12
2016/12/3,1,6,17,23,26,6,12
2016/12/5,4,6,22,27,31,6,7
2016/12/7,4,5,13,22,31,5,10
2016/12/10,1,9,11,17,28,3,8
2016/12/12,21,22,25,29,34,1,11
2016/12/14,7,19,20,28,30,4,12
2016/12/17,5,14,15,23,25,6,8
2016/12/19,1,2,3,12,33,4,9
2016/12/21,1,10,18,24,29,7,10
2016/12/24,4,7,11,14,21,5,12
2016/12/26,8,17,22,24,30,5,11
2016/12/28,13,18,25,29,35,3,11
2016/12/31,6,16,17,21,29,4,6
2017/1/2,7,9,20,31,33,8,10
2017/1/4,7,12,14,31,34,9,11
2017/1/7,3,5,6,13,22,9,12
2017/1/9,5,8,11,28,31,6,7
2017/1/11,5,9,20,26,35,2,11
2017/1/14,4,6,23,32,33,5,6
2017/1/16,8,11,17,25,27,2,4
2017/1/18,3,4,9,25,32,2,4
2017/1/21,5,6,8,12,22,3,4
2017/1/23,4,10,13,18,35,1,2
2017/1/25,5,15,21,29,34,6,9
2017/2/4,4,5,24,26,35,7,12
2017/2/6,5,12,17,30,34,11,12
2017/2/8,4,8,15,24,25,2,5
2017/2/11,1,7,19,27,34,1,2
2017/2/13,3,13,28,30,33,9,10
2017/2/15,4,19,24,26,29,4,6
2017/2/18,6,7,10,17,23,1,9
2017/2/20,2,6,14,23,25,2,10
2017/2/22,16,21,24,27,28,4,7
2017/2/25,1,15,17,20,26,6,8
2017/2/27,2,3,9,17,24,6,12
2017/3/1,5,8,12,24,34,7,10
2017/3/4,21,23,29,32,35,11,12
2017/3/6,10,16,19,20,34,4,5
2017/3/8,10,14,19,25,32,2,7
2017/3/11,8,17,25,33,34,3,11
2017/3/13,6,18,22,23,33,9,11
2017/3/15,1,6,14,17,29,1,11
2017/3/18,21,22,24,29,34,5,6
2017/3/20,2,16,17,30,32,2,9
2017/3/22,2,13,14,18,29,3,9
2017/3/25,15,22,23,25,34,5,11
2017/3/27,6,12,21,26,29,2,11
2017/3/29,14,17,22,30,33,7,12
2017/4/1,1,4,9,18,33,2,5
2017/4/3,13,15,16,32,34,6,11
2017/4/5,4,5,13,18,27,3,9
2017/4/8,5,6,14,17,26,3,8
2017/4/10,4,6,10,23,29,9,11
2017/4/12,2,4,6,25,31,5,9
2017/4/15,2,17,31,33,34,1,7
2017/4/17,6,13,22,25,35,9,12
2017/4/19,11,16,17,18,25,2,9
2017/4/22,1,8,11,21,35,9,12
2017/4/24,4,17,20,23,30,2,3
2017/4/26,15,19,32,33,34,9,12
2017/4/29,7,9,13,15,19,3,10
2017/5/1,9,12,14,22,31,5,8
2017/5/3,12,14,17,20,28,2,6
2017/5/6,14,17,18,22,29,10,11
2017/5/8,3,19,24,28,33,4,12
2017/5/10,6,19,20,22,26,1,11
2017/5/13,16,29,30,32,33,4,5
2017/5/15,19,20,22,30,33,3,9
2017/5/17,1,4,24,27,32,3,10
2017/5/20,12,16,19,23,24,2,5
2017/5/22,14,18,20,21,28,3,6
2017/5/24,8,11,13,15,17,3,10
2017/5/27,9,15,20,26,31,5,12
2017/5/29,10,19,23,25,30,2,4
2017/5/31,1,4,6,8,28,8,12
2017/6/3,18,21,22,24,29,5,11
2017/6/5,1,8,20,27,30,3,4
2017/6/7,5,11,12,19,28,5,12
2017/6/10,11,15,23,26,30,2,11
2017/6/12,10,17,18,32,35,10,11
2017/6/14,7,8,19,24,27,6,7
2017/6/17,10,16,20,23,32,8,11
2017/6/19,6,16,18,26,30,2,3
2017/6/21,1,4,11,14,33,5,7
2017/6/24,1,3,29,32,34,2,5
2017/6/26,7,18,28,31,33,1,2
2017/6/28,8,10,11,13,17,8,11
2017/7/1,5,11,16,18,35,1,6
2017/7/3,2,7,25,30,35,7,12
2017/7/5,1,3,4,25,31,6,9
2017/7/8,4,5,27,31,34,3,6
2017/7/10,1,17,19,32,33,2,11
2017/7/12,8,10,21,30,31,2,5
2017/7/15,2,12,15,20,34,1,6
2017/7/17,5,13,20,21,25,8,9
2017/7/19,2,5,14,22,34,3,9
2017/7/22,6,11,14,21,31,9,12
2017/7/24,9,13,14,25,30,2,5
2017/7/26,12,15,18,22,31,1,8
2017/7/29,3,14,21,29,35,2,6
2017/7/31,5,28,31,34,35,8,9
2017/8/2,3,5,6,15,18,3,10
2017/8/5,3,6,15,22,35,9,11
2017/8/7,1,5,7,16,19,3,12
2017/8/9,3,7,9,17,34,4,5
2017/8/12,5,6,17,21,29,2,4
2017/8/14,3,5,8,29,33,4,8
2017/8/16,15,32,33,34,35,3,12
2017/8/19,3,7,9,17,28,4,12
2017/8/21,7,14,19,22,34,7,12
2017/8/23,6,9,17,30,35,10,11
2017/8/26,8,9,17,18,24,3,7
2017/8/28,2,5,18,19,31,1,9
2017/8/30,5,15,21,25,29,5,8
2017/9/2,1,12,23,24,29,8,12
2017/9/4,4,19,20,24,29,3,4
2017/9/6,9,11,22,27,30,9,11
2017/9/9,4,15,22,24,32,2,9
2017/9/11,9,12,18,23,29,2,4
2017/9/13,4,10,19,25,27,6,12
2017/9/16,1,4,15,21,22,4,9
2017/9/18,6,9,19,26,34,5,7
2017/9/20,10,14,20,21,35,2,5
2017/9/23,2,14,17,26,34,8,12
2017/9/25,5,6,20,31,32,6,12
2017/9/27,5,8,17,18,23,4,12
2017/9/30,6,7,12,18,23,1,12
2017/10/2,14,19,20,25,31,6,8
2017/10/4,2,27,30,32,33,1,3
2017/10/7,5,7,9,24,32,8,10
2017/10/9,2,7,16,20,33,3,11
2017/10/11,5,7,13,29,35,3,8
2017/10/14,8,15,24,26,27,5,6
2017/10/16,1,6,12,26,31,1,7
2017/10/18,3,12,18,29,34,3,11
2017/10/21,3,15,23,26,32,1,12
2017/10/23,3,29,30,32,35,3,8
2017/10/25,7,11,18,26,28,4,5
2017/10/28,3,4,13,24,33,1,11
2017/10/30,2,15,18,21,22,3,10
2017/11/1,9,11,13,18,33,2,3
2017/11/4,5,17,20,32,33,4,9
2017/11/6,5,18,28,33,34,3,4
2017/11/8,3,5,8,19,34,1,12
2017/11/11,11,17,23,26,27,1,10
2017/11/13,15,17,19,32,33,1,3
2017/11/15,7,18,19,32,34,2,10
2017/11/18,1,12,15,19,22,2,4
2017/11/20,1,11,20,21,22,3,4
2017/11/22,1,20,22,28,29,5,7
2017/11/25,4,7,9,20,25,2,11
2017/11/27,2,6,19,25,32,9,12
2017/11/29,10,16,25,26,29,1,5
2017/12/2,2,8,21,22,29,3,5
2017/12/4,1,5,16,19,28,2,10
2017/12/6,6,9,24,29,32,2,7
2017/12/9,3,21,23,29,32,10,11
2017/12/11,4,7,17,18,19,3,10
2017/12/13,1,5,11,14,35,9,10
2017/12/16,5,16,17,25,34,1,11
2017/12/18,19,27,31,32,35,11,12
2017/12/20,10,18,19,25,26,4,12
2017/12/23,3,6,10,13,18,9,11
2017/12/25,5,6,23,28,32,4,5
2017/12/27,2,4,7,23,28,2,8
2017/12/30,1,9,24,26,34,9,12
2018/1/1,1,13,22,25,35,3,4
2018/1/3,12,20,23,27,34,1,6
2018/1/6,4,21,23,24,30,9,10
2018/1/8,4,9,22,28,30,1,10
2018/1/10,4,9,23,24,30,8,11
2018/1/13,19,20,30,32,33,3,5
2018/1/15,3,4,28,31,34,4,11
2018/1/17,9,15,17,20,22,10,11
2018/1/20,10,12,28,30,34,3,4
2018/1/22,24,25,26,28,29,4,12
2018/1/24,3,13,15,23,26,1,10
2018/1/27,3,22,24,29,34,7,11
2018/1/29,8,24,31,33,35,7,10
2018/1/31,14,16,18,24,31,1,8
2018/2/3,4,13,15,18,29,5,11
2018/2/5,1,2,12,13,23,9,12
2018/2/7,4,19,21,23,31,4,9
2018/2/10,6,8,13,24,28,6,12
2018/2/12,10,11,19,21,28,5,12
2018/2/14,1,10,13,14,21,9,12
2018/2/24,5,6,8,9,15,4,11
2018/2/26,2,10,19,33,35,5,6
2018/2/28,12,13,18,21,29,2,8
2018/3/3,2,16,24,30,32,4,7
2018/3/5,7,8,9,15,34,7,8
2018/3/7,1,2,3,4,30,3,5
2018/3/10,1,18,20,21,26,4,11
2018/3/12,4,19,25,30,35,4,7
2018/3/14,3,9,21,25,29,1,8
2018/3/17,5,18,21,28,32,9,11
2018/3/19,3,8,13,17,23,5,11
2018/3/21,7,10,17,32,35,5,12
2018/3/24,2,3,19,23,34,4,9
2018/3/26,8,11,22,27,32,3,7
2018/3/28,5,7,10,12,24,7,11
2018/3/31,11,17,18,21,27,7,8
2018/4/2,1,3,27,30,31,2,11
2018/4/4,14,23,25,31,32,1,3
2018/4/7,2,7,14,29,32,10,11
2018/4/9,5,7,18,27,31,1,8
2018/4/11,1,23,25,31,33,1,12
2018/4/14,3,19,25,29,35,5,9
2018/4/16,3,6,13,28,33,4,11
2018/4/18,2,4,6,18,21,5,8
2018/4/21,2,5,20,30,35,5,9
2018/4/23,10,20,22,29,32,5,10
2018/4/25,3,8,10,14,20,4,8
2018/4/28,2,3,11,20,25,2,7
2018/4/30,4,7,9,10,13,6,12
2018/5/2,22,24,26,34,35,6,12
2018/5/5,9,18,28,29,35,3,11
2018/5/7,5,16,18,19,25,2,7
2018/5/9,11,16,21,23,25,2,12
2018/5/12,9,10,12,20,30,1,7
2018/5/14,3,7,20,33,34,9,10
2018/5/16,2,4,16,28,34,5,7
2018/5/19,13,19,22,27,28,5,6
2018/5/21,9,11,12,26,32,4,10
2018/5/23,1,9,10,27,35,6,11
2018/5/26,4,22,27,29,31,2,10
2018/5/28,4,10,12,28,31,8,11
2018/5/30,12,14,19,23,35,2,7
2018/6/2,5,14,15,32,34,3,10
2018/6/4,1,3,4,11,29,2,4
2018/6/6,7,10,28,31,32,8,10
2018/6/9,1,20,23,32,33,1,4
2018/6/11,3,7,12,18,31,7,10
2018/6/13,8,12,16,26,33,5,6
2018/6/16,1,8,13,21,24,2,11
2018/6/18,2,5,10,16,30,4,7
2018/6/20,2,5,23,30,31,3,9
2018/6/23,5,12,17,24,26,1,2
2018/6/25,13,19,24,25,29,2,8
2018/6/27,3,9,12,28,30,4,12
2018/6/30,1,6,12,20,34,4,12
2018/7/2,7,18,28,29,32,6,8
2018/7/4,1,6,9,15,26,8,9
2018/7/7,7,11,12,22,30,3,6
2018/7/9,3,4,10,27,29,1,5
2018/7/11,7,16,24,26,31,10,11
2018/7/14,2,10,13,21,35,1,12
2018/7/16,1,2,14,17,18,8,10
2018/7/18,7,12,25,27,28,10,11
2018/7/21,6,11,17,22,35,11,12
2018/7/23,1,2,14,25,31,5,7
2018/7/25,16,22,24,29,31,4,5
2018/7/28,3,14,19,23,25,1,4
2018/7/30,8,9,21,25,33,1,8
2018/8/1,26,27,28,32,34,6,10
2018/8/4,6,20,24,33,34,4,11
2018/8/6,6,22,26,28,31,1,7
2018/8/8,5,7,14,18,19,4,10
2018/8/11,3,11,16,18,33,3,11
2018/8/13,11,16,25,30,34,8,10
2018/8/15,7,14,18,29,35,5,12
2018/8/18,13,14,20,28,34,6,10
2018/8/20,10,12,14,18,23,1,4
2018/8/22,2,15,18,25,27,5,7
2018/8/25,12,13,16,20,21,1,7
2018/8/27,6,20,21,26,30,6,9
2018/8/29,3,14,15,23,29,4,5
2018/9/1,6,7,13,22,24,10,12
2018/9/3,14,24,26,28,35,2,3
2018/9/5,1,13,14,26,28,7,11
2018/9/8,1,16,19,20,31,2,7
2018/9/10,4,14,17,24,31,1,4
2018/9/12,7,8,9,10,22,3,4
2018/9/15,9,10,24,31,32,7,12
2018/9/17,10,16,23,25,34,2,5
2018/9/19,6,19,21,27,28,3,11
2018/9/22,3,16,27,28,32,4,5
2018/9/24,3,7,8,9,29,9,10
2018/9/26,8,12,27,31,33,4,8
2018/9/29,12,18,26,28,29,5,6
2018/10/1,2,6,13,18,25,1,2
2018/10/3,1,14,17,21,33,7,10
2018/10/6,7,11,13,22,29,3,8
2018/10/8,4,5,14,21,34,6,9
2018/10/10,6,9,11,16,35,2,5
2018/10/13,21,22,25,27,30,8,9
2018/10/15,6,7,21,29,30,1,10
2018/10/17,8,9,21,30,31,5,12
2018/10/20,6,9,29,32,35,2,4
2018/10/22,8,10,12,19,20,10,11
2018/10/24,7,16,20,21,34,4,6
2018/10/27,11,13,15,21,27,5,6
2018/10/29,1,3,4,11,29,8,12
2018/10/31,11,12,14,16,26,8,9
2018/11/3,4,7,21,22,29,3,6
2018/11/5,3,4,16,18,25,1,11
2018/11/7,12,14,21,32,33,2,11
2018/11/10,3,16,22,23,27,1,4
2018/11/12,8,12,14,15,19,1,10
2018/11/14,4,5,19,31,35,2,12
2018/11/17,14,19,23,27,34,6,12
2018/11/19,3,11,12,19,21,5,11
2018/11/21,7,10,22,23,33,8,11
2018/11/24,1,23,24,28,33,4,5
2018/11/26,5,11,16,28,35,6,9
2018/11/28,1,6,8,12,15,3,4
2018/12/1,3,7,23,26,33,4,9
2018/12/3,19,24,28,29,34,10,11
2018/12/5,4,7,20,22,33,1,2
2018/12/8,6,17,18,24,31,7,11
2018/12/10,9,18,29,31,33,6,11
2018/12/12,3,8,9,13,33,1,2
2018/12/15,1,11,26,33,35,2,10
2018/12/17,2,6,24,33,34,2,3
2018/12/19,1,7,10,11,20,3,6
2018/12/22,5,12,13,31,34,10,12
2018/12/24,4,8,18,29,30,3,7
2018/12/26,2,4,5,12,28,8,11
2018/12/29,3,6,7,8,21,1,8
2018/12/31,14,22,23,26,30,3,5
2019/1/2,6,18,23,26,28,3,12
2019/1/5,2,7,14,22,31,1,7
2019/1/7,4,8,18,20,32,10,12
2019/1/9,15,16,17,31,32,3,9
2019/1/12,21,26,27,29,34,5,6
2019/1/14,14,17,19,25,30,4,8
2019/1/16,3,12,16,29,32,1,5
2019/1/19,3,8,17,20,24,6,11
2019/1/21,3,9,15,18,26,6,12
2019/1/23,3,7,24,25,27,2,12
2019/1/26,4,12,13,16,17,4,9
2019/1/28,5,9,17,18,19,7,10
2019/1/30,8,10,15,17,18,1,8
2019/2/2,12,14,20,28,31,9,11
2019/2/11,2,5,10,13,30,4,6
2019/2/13,3,5,13,16,28,2,6
2019/2/16,1,5,7,22,25,3,4
2019/2/18,3,18,19,26,34,6,12
2019/2/20,4,11,19,25,32,1,2
2019/2/23,1,8,16,27,34,3,12
2019/2/25,7,13,17,24,33,1,10
2019/2/27,1,4,14,15,21,1,5
2019/3/2,1,3,14,26,30,6,11
2019/3/4,11,17,19,29,33,8,9
2019/3/6,6,13,16,19,29,3,7
2019/3/9,10,12,15,17,19,2,3
2019/3/11,16,18,24,25,27,2,7
2019/3/13,6,22,28,29,33,2,7
2019/3/16,1,4,18,24,28,2,3
2019/3/18,7,9,13,14,33,2,4
2019/3/20,3,8,21,26,33,4,5
2019/3/23,1,4,7,11,30,7,8
2019/3/25,1,2,4,16,24,7,9
2019/3/27,8,12,15,27,30,1,2
2019/3/30,1,3,5,7,18,8,9
2019/4/1,3,9,21,28,30,1,12
2019/4/3,6,16,26,33,35,4,8
2019/4/6,5,11,16,18,27,7,12
2019/4/8,1,12,18,26,35,6,12
2019/4/10,1,3,31,32,34,1,3
2019/4/13,12,19,20,22,28,2,6
2019/4/15,4,10,13,28,33,11,12
2019/4/17,2,6,7,12,15,6,12
2019/4/20,3,6,10,12,31,1,2
2019/4/22,1,4,16,19,33,3,12
2019/4/24,2,8,14,15,35,10,12
2019/4/27,3,4,10,16,32,4,9
2019/4/29,6,10,16,29,33,5,11
2019/5/1,10,16,22,26,27,7,11
2019/5/4,4,15,16,20,35,3,12
2019/5/6,11,15,16,20,29,4,8
2019/5/8,4,10,15,20,24,7,11
2019/5/11,1,11,19,26,35,11,12
2019/5/13,2,18,23,27,30,5,10
2019/5/15,2,4,6,19,22,2,6
2019/5/18,1,7,10,12,23,6,8
2019/5/20,8,14,16,34,35,6,12
2019/5/22,3,10,13,14,32,7,11
2019/5/25,7,8,15,27,32,8,12
2019/5/27,1,11,12,18,21,8,10
2019/5/29,1,2,13,14,26,5,11
2019/6/1,5,16,23,25,28,1,12
2019/6/3,5,8,15,18,21,4,8
2019/6/5,7,8,13,19,29,11,12
2019/6/8,3,8,10,23,27,2,12
2019/6/10,4,10,11,18,31,5,8
2019/6/12,3,8,11,15,16,2,10
2019/6/15,4,5,8,17,27,6,11
2019/6/17,8,22,23,33,34,4,6
2019/6/19,2,13,15,22,34,2,12
2019/6/22,7,13,14,15,22,7,11
2019/6/24,2,4,6,9,18,7,10
2019/6/26,4,11,19,20,24,8,11
2019/6/29,8,9,13,14,34,5,7
2019/7/1,5,6,7,11,16,2,11
2019/7/3,1,6,11,23,29,1,11
2019/7/6,1,15,17,21,33,7,10
2019/7/8,5,10,21,26,30,1,7
2019/7/10,10,13,16,28,35,4,5
2019/7/13,5,13,18,19,24,2,7
2019/7/15,6,24,26,30,33,2,7
2019/7/17,6,18,20,21,31,3,4
2019/7/20,17,24,26,28,32,7,9
2019/7/22,12,23,25,34,35,1,7
2019/7/24,4,5,6,15,26,8,11
2019/7/27,5,15,16,28,31,2,7
2019/7/29,5,6,18,19,27,7,12
2019/7/31,1,5,18,27,33,6,8
2019/8/3,9,14,18,33,34,3,12
2019/8/5,13,19,28,30,33,2,12
2019/8/7,4,13,20,26,28,3,12
2019/8/10,2,11,15,27,30,2,5
2019/8/12,16,17,26,29,35,1,7
2019/8/14,1,12,14,26,27,7,9
2019/8/17,3,12,17,19,31,2,6
2019/8/19,2,12,22,23,27,2,6
2019/8/21,10,17,20,30,35,10,12
2019/8/24,13,15,17,19,22,3,4
2019/8/26,4,6,18,27,33,7,9
2019/8/28,5,8,12,19,21,6,11
2019/8/31,5,11,18,19,27,5,6
2019/9/2,5,10,15,19,31,3,6
2019/9/4,5,12,22,27,32,4,7
2019/9/7,2,7,19,22,28,3,5
2019/9/9,1,4,9,14,17,1,6
2019/9/11,5,8,10,32,35,2,10
2019/9/14,5,9,19,27,35,2,3
2019/9/16,24,27,28,31,34,4,8
2019/9/18,2,7,8,20,25,11,12
2019/9/21,1,19,23,24,30,4,5
2019/9/23,6,15,20,23,27,8,10
2019/9/25,3,10,16,21,33,5,6
2019/9/28,3,11,27,34,35,1,2
2019/9/30,3,5,7,20,23,4,11
2019/10/9,1,18,21,28,32,5,12
2019/10/12,2,10,16,21,23,2,12
2019/10/14,1,18,21,25,35,7,8
2019/10/16,2,3,13,19,26,2,3
2019/10/19,3,6,9,23,34,2,11
2019/10/21,6,15,17,22,25,1,9
2019/10/23,1,2,3,7,17,4,10
2019/10/26,5,19,25,31,33,10,11
2019/10/28,3,13,15,26,30,5,12
2019/10/30,7,17,26,27,30,6,12
2019/11/2,5,8,9,14,34,2,5
2019/11/4,5,9,16,18,30,4,7
2019/11/6,4,7,8,11,16,9,11
2019/11/9,20,21,25,34,35,3,12
2019/11/11,10,13,18,23,30,6,12
2019/11/13,1,13,20,21,26,4,10
2019/11/16,5,6,14,27,29,6,10
2019/11/18,3,5,6,13,18,10,12
2019/11/20,3,12,24,27,34,1,12
2019/11/23,5,6,7,14,17,10,11
2019/11/25,4,5,19,25,26,1,11
2019/11/27,3,16,20,26,29,3,9
2019/11/30,3,5,12,13,26,7,12
2019/12/2,4,6,7,20,29,2,4
2019/12/4,1,5,7,8,11,6,10
2019/12/7,3,7,8,25,27,3,5
2019/12/9,2,10,20,21,35,1,12
2019/12/11,3,4,26,29,33,6,7
2019/12/14,4,22,23,24,32,6,12
2019/12/16,2,5,20,28,31,2,11
2019/12/18,5,9,19,22,32,3,5
2019/12/21,10,11,26,33,34,1,6
2019/12/23,9,12,19,22,33,7,8
2019/12/25,3,4,7,11,30,8,9
2019/12/28,1,2,7,33,35,6,10
2019/12/30,7,11,12,16,33,5,7
2020/1/1,17,25,26,32,34,4,7
2020/1/4,3,7,18,25,30,2,7
2020/1/6,23,25,26,30,34,3,7
2020/1/8,17,20,21,29,30,5,9
2020/1/11,6,10,33,34,35,1,3
2020/1/13,9,22,25,31,32,8,12
2020/1/15,2,10,19,24,30,5,8
2020/1/18,14,17,19,24,32,1,6
2020/1/20,19,29,31,34,35,6,10
2020/3/14,1,8,13,24,32,2,9
2020/3/16,2,13,19,22,23,2,7
2020/3/18,1,6,18,32,34,1,3
2020/3/21,1,4,5,11,35,3,9
2020/3/23,3,7,9,17,21,3,6
2020/3/25,1,7,23,24,26,3,7
2020/3/28,4,8,19,31,35,1,2
2020/3/30,1,6,7,9,10,2,11
2020/4/1,9,14,16,24,26,4,12
2020/4/4,1,12,22,23,33,1,12
2020/4/6,8,10,12,26,32,5,9
2020/4/8,10,12,24,31,33,4,9
2020/4/11,4,14,20,28,35,2,3
2020/4/13,4,11,23,26,30,1,6
2020/4/15,3,5,6,24,30,3,7
2020/4/18,2,14,21,22,26,5,7
2020/4/20,3,15,26,32,34,8,12
2020/4/22,4,7,20,25,32,3,9
2020/4/25,4,5,28,34,35,1,8
2020/4/27,11,14,17,22,30,7,9
2020/4/29,1,8,17,27,30,5,6
2020/5/2,1,2,5,15,21,4,5
2020/5/4,2,3,9,16,32,3,4
2020/5/6,7,19,20,31,34,5,8
2020/5/9,11,13,20,27,31,2,4
2020/5/11,10,11,22,26,28,2,4
2020/5/13,1,5,11,12,26,2,7
2020/5/16,1,4,10,11,14,2,5
2020/5/18,4,15,20,22,24,1,9
2020/5/20,1,5,15,22,31,2,9
2020/5/23,2,17,20,28,29,1,7
2020/5/25,7,13,20,29,34,4,7
2020/5/27,3,4,5,11,22,5,6
2020/5/30,12,13,17,31,32,1,6
2020/6/1,1,3,22,28,30,2,5
2020/6/3,2,9,16,23,27,3,8
2020/6/6,15,24,27,30,34,4,12
2020/6/8,4,18,27,28,30,3,10
2020/6/10,3,9,10,15,16,7,9
2020/6/13,3,11,15,22,30,8,10
2020/6/15,3,14,16,22,34,2,6
2020/6/17,2,7,9,19,33,1,7
2020/6/20,9,11,26,28,35,6,7
2020/6/22,2,15,18,21,27,3,6
2020/6/24,11,14,15,19,20,3,7
2020/6/27,3,4,12,18,34,10,12
2020/6/29,3,11,25,29,34,3,6
2020/7/1,17,20,21,22,31,2,8
2020/7/4,1,15,19,26,27,5,10
2020/7/6,1,15,22,28,32,3,11
2020/7/8,12,14,25,34,35,3,12
2020/7/11,7,8,12,21,26,1,6
2020/7/13,1,5,14,23,31,2,7
2020/7/15,11,18,20,21,33,6,7
2020/7/18,5,10,23,34,35,1,11
2020/7/20,13,15,26,32,33,5,7
2020/7/22,6,14,21,34,35,3,10
2020/7/25,1,8,14,16,28,4,10
2020/7/27,15,20,23,26,33,2,8
2020/7/29,5,7,26,30,31,7,10
2020/8/1,1,22,30,31,32,4,12
2020/8/3,1,12,16,28,33,3,12
2020/8/5,11,15,18,20,27,5,6
2020/8/8,4,10,12,23,27,8,9
2020/8/10,3,9,10,12,21,4,11
2020/8/12,2,9,10,21,35,1,7
2020/8/15,1,8,18,28,30,10,12
2020/8/17,17,23,28,29,32,1,3
2020/8/19,14,18,20,28,34,10,11
2020/8/22,4,16,24,29,35,2,12
2020/8/24,3,6,22,24,25,9,10
2020/8/26,1,13,15,32,35,8,10
2020/8/29,2,11,12,21,34,4,8
2020/8/31,1,2,17,32,34,4,9
2020/9/2,2,10,20,24,31,6,12
2020/9/5,3,4,11,15,28,2,3
2020/9/7,8,11,15,20,28,4,10
2020/9/9,1,4,20,23,29,4,8
2020/9/12,2,7,23,26,35,1,12
2020/9/14,13,16,20,22,27,1,2
2020/9/16,5,6,27,28,29,11,12
2020/9/19,12,16,20,23,31,5,12
2020/9/21,8,11,17,31,35,7,11
2020/9/23,6,14,25,27,28,4,11
2020/9/26,4,6,7,8,16,2,8
2020/9/28,2,18,25,26,32,2,7
2020/9/30,7,8,10,25,28,3,11
2020/10/5,5,25,27,30,34,6,12
2020/10/7,4,9,15,24,35,4,10
2020/10/10,2,3,11,15,27,4,12
2020/10/12,4,5,8,22,33,7,10
2020/10/14,3,4,5,9,34,7,9
2020/10/17,7,11,18,20,29,9,12
2020/10/19,7,12,13,19,23,2,8
2020/10/21,3,12,23,26,30,4,7
2020/10/24,3,8,12,13,22,4,12
2020/10/26,2,3,11,14,27,4,10
2020/10/28,1,4,13,17,28,3,7
2020/10/31,2,3,6,7,33,8,9
2020/11/2,2,20,21,23,32,6,12
2020/11/4,11,16,20,21,28,5,11
2020/11/7,5,7,9,20,28,2,7
2020/11/9,8,11,13,30,32,2,6
2020/11/11,6,14,18,28,33,2,5
2020/11/14,10,12,21,24,30,3,7
2020/11/16,1,9,18,19,23,1,9
2020/11/18,8,10,12,16,22,3,9
2020/11/21,7,19,20,23,24,5,10
2020/11/23,1,9,15,30,33,4,9
2020/11/25,14,22,24,28,32,7,8
2020/11/28,5,25,26,30,35,4,10
2020/11/30,9,17,27,28,35,3,8
2020/12/2,8,19,29,34,35,6,11
2020/12/5,1,7,11,15,21,4,11
2020/12/7,11,15,24,26,35,4,5
2020/12/9,1,2,3,8,22,1,4
2020/12/12,1,4,9,22,28,4,12
2020/12/14,1,4,17,18,26,3,10
2020/12/16,9,12,13,26,33,4,10
2020/12/19,10,22,27,33,34,1,11
2020/12/21,16,17,23,26,32,2,12
2020/12/23,8,25,27,29,35,2,3
2020/12/26,3,15,16,17,21,7,10
2020/12/28,11,24,26,33,35,8,9
2020/12/30,8,11,13,22,25,4,7
2021/1/2,2,6,12,19,33,8,9
2021/1/4,2,16,26,31,34,9,11
2021/1/6,7,21,28,31,35,4,10
2021/1/9,5,10,17,23,28,2,8
2021/1/11,3,7,10,12,35,3,5
2021/1/13,4,22,25,28,35,4,5
2021/1/16,5,23,30,34,35,8,10
2021/1/18,5,19,20,27,33,3,8
2021/1/20,1,3,20,29,32,5,12
2021/1/23,1,5,16,22,34,8,11
2021/1/25,6,9,11,14,21,1,3
2021/1/27,6,12,20,23,33,1,9
2021/1/30,21,27,28,30,34,8,11
2021/2/1,7,13,20,27,29,4,9
2021/2/3,4,8,17,19,25,1,7
2021/2/6,8,9,10,19,34,1,2
2021/2/8,17,21,26,29,32,2,7
2021/2/20,2,20,23,26,34,5,10
2021/2/22,1,12,13,28,29,3,4
2021/2/24,7,21,22,30,33,4,6
2021/2/27,16,18,29,33,35,9,12
2021/3/1,2,12,22,30,33,2,4
2021/3/3,7,9,13,16,32,2,9
2021/3/6,11,14,21,24,31,2,10
2021/3/8,17,18,23,30,31,10,12
2021/3/10,7,11,20,24,27,1,11
2021/3/13,9,21,22,26,30,4,12
2021/3/15,2,3,5,17,29,4,10
2021/3/17,2,6,10,32,33,4,7
2021/3/20,18,23,25,26,32,2,7
2021/3/22,1,4,19,20,34,3,5
2021/3/24,1,11,14,34,35,7,10
2021/3/27,1,3,5,30,32,1,5
2021/3/29,8,10,14,25,34,7,8
2021/3/31,5,11,16,30,32,3,4
2021/4/3,8,17,25,28,33,7,11
2021/4/5,10,21,27,29,33,4,12
2021/4/7,9,11,20,29,32,1,7
2021/4/10,4,12,14,21,35,2,11
2021/4/12,2,3,9,16,19,3,7
2021/4/14,2,5,9,11,32,4,9
2021/4/17,9,15,20,23,29,4,5
2021/4/19,7,12,17,19,34,1,10
2021/4/21,6,18,31,33,35,10,11
2021/4/24,1,4,6,11,19,7,9
2021/4/26,6,8,12,14,18,6,8
2021/4/28,1,6,9,25,33,4,8
2021/5/1,4,7,17,21,27,10,12
2021/5/3,1,10,22,23,25,2,12
2021/5/5,9,22,32,33,35,5,10
2021/5/8,1,4,14,16,19,3,4
2021/5/10,2,11,13,14,30,9,12
2021/5/12,3,6,15,17,35,7,11
2021/5/15,3,6,17,20,25,3,9
2021/5/17,3,6,10,11,24,10,11
2021/5/19,3,11,16,21,26,9,10
2021/5/22,5,7,19,20,28,5,7
2021/5/24,13,15,17,23,34,1,11
2021/5/26,4,16,27,28,35,2,9
2021/5/29,9,13,25,31,33,3,7
2021/5/31,15,19,20,26,32,4,7
2021/6/2,4,6,23,32,34,5,7
2021/6/5,5,9,14,29,30,9,11
2021/6/7,1,17,19,32,34,6,10
2021/6/9,23,25,30,31,35,7,8
2021/6/12,24,26,29,34,35,9,11
2021/6/14,1,4,22,23,34,8,9
2021/6/16,2,20,21,26,30,2,10
2021/6/19,1,3,24,32,33,4,6
2021/6/21,3,20,21,22,24,6,12
2021/6/23,8,11,16,29,35,1,4
2021/6/26,2,3,15,22,26,3,11
2021/6/28,8,12,14,20,24,6,10
2021/6/30,11,14,18,20,25,3,7
2021/7/3,6,14,15,17,20,1,5
2021/7/5,6,13,22,25,26,2,4
2021/7/7,2,6,9,21,25,6,8
2021/7/10,2,8,17,19,25,1,5
2021/7/12,6,14,19,26,33,8,11
2021/7/14,15,16,20,29,30,6,10
2021/7/17,5,13,24,29,35,7,8
2021/7/19,1,14,22,29,33,3,10
2021/7/21,7,9,11,26,35,1,8
2021/7/24,2,10,14,30,33,6,9
2021/7/26,1,12,15,26,35,10,11
2021/7/28,2,3,7,16,17,6,10
2021/7/31,10,14,15,25,28,3,10
2021/8/2,2,14,31,34,35,1,7
2021/8/4,1,17,24,28,35,10,12
2021/8/7,6,7,19,26,32,6,12
2021/8/9,1,4,10,21,29,3,5
2021/8/11,12,14,27,28,34,3,7
2021/8/14,20,25,27,28,31,8,11
2021/8/16,5,6,24,27,33,5,12
2021/8/18,10,15,19,20,30,11,12
2021/8/21,7,8,10,20,21,1,5
2021/8/23,11,26,30,31,33,3,10
2021/8/25,2,7,21,27,33,7,9
2021/8/28,15,19,27,28,30,3,4
2021/8/30,7,11,23,26,28,2,7
2021/9/1,13,18,19,27,32,6,11
2021/9/4,2,8,11,16,23,2,7
2021/9/6,4,10,23,30,31,5,11
2021/9/8,23,25,26,30,33,3,11
2021/9/11,7,10,11,17,18,4,9
2021/9/13,2,13,14,32,34,2,12
2021/9/15,3,5,13,20,25,7,11
2021/9/18,5,19,22,26,35,2,6
2021/9/20,3,4,7,27,31,6,9
2021/9/22,11,14,29,31,32,11,12
2021/9/25,7,8,15,19,28,8,9
2021/9/27,18,21,22,23,35,11,12
2021/9/29,17,18,25,27,28,4,8
2021/10/6,8,9,13,29,30,1,11
2021/10/9,8,13,19,20,29,6,10
2021/10/11,4,25,28,29,35,3,11
2021/10/13,11,18,21,22,33,5,6
2021/10/16,14,17,18,28,34,2,3
2021/10/18,1,2,9,16,30,9,10
2021/10/20,5,10,21,25,31,5,11
2021/10/23,2,15,19,29,30,2,9
2021/10/25,14,15,26,27,29,4,5
2021/10/27,8,23,26,27,33,8,9
2021/10/30,10,17,22,25,35,7,9
2021/11/1,17,19,21,27,31,4,9
2021/11/3,1,11,12,34,35,9,12
2021/11/6,1,2,15,17,26,2,11
2021/11/8,14,17,18,23,27,5,8
2021/11/10,2,16,17,18,34,4,10
2021/11/13,2,3,14,27,28,5,10
2021/11/15,6,8,16,34,35,5,6
2021/11/17,4,21,28,29,33,3,11
2021/11/20,8,9,17,26,28,6,8
2021/11/22,2,6,14,19,28,1,6
2021/11/24,4,7,17,29,31,5,6
2021/11/27,8,12,19,27,33,2,5
2021/11/29,2,7,13,14,19,4,5
2021/12/1,9,11,12,15,31,5,11
2021/12/4,5,13,18,23,34,8,9
2021/12/6,5,24,26,33,35,9,12
2021/12/8,2,8,16,29,34,5,12
2021/12/11,11,13,17,19,25,2,9
2021/12/13,9,17,19,29,34,4,11
2021/12/15,3,20,25,30,34,2,9
2021/12/18,3,8,25,29,30,1,6
2021/12/20,3,5,8,18,20,9,11
2021/12/22,1,2,8,12,26,1,7
2021/12/25,1,4,12,16,29,4,8
2021/12/27,20,26,28,30,35,10,11
2021/12/29,4,10,11,23,26,7,10
2022/1/1,8,11,19,22,29,3,11
2022/1/3,4,6,7,9,24,4,12
2022/1/5,2,18,24,25,34,8,12
2022/1/8,7,20,27,30,33,3,4
2022/1/10,2,13,17,19,34,5,9
2022/1/12,1,5,7,17,20,5,12
2022/1/15,5,22,23,25,35,3,11
2022/1/17,1,2,13,18,34,6,7
2022/1/19,13,14,18,31,33,7,10
2022/1/22,4,19,25,31,35,2,11
2022/1/24,3,5,17,24,32,5,12
2022/1/26,3,5,10,33,34,7,10
2022/2/9,4,9,16,25,32,5,6
2022/2/12,1,4,10,18,32,1,9
2022/2/14,1,2,8,12,30,5,12
2022/2/16,1,7,17,26,32,1,9
2022/2/19,10,14,18,23,25,7,11
2022/2/21,16,21,29,31,34,6,9
2022/2/23,1,4,7,17,21,1,2
2022/2/26,16,17,30,31,35,8,9
2022/2/28,11,15,16,18,35,6,9
2022/3/2,1,5,14,17,28,6,7
2022/3/5,4,5,18,20,25,11,12
2022/3/7,1,2,11,30,35,1,12
2022/3/9,4,7,22,24,29,1,7
2022/3/12,11,14,22,23,27,8,10
2022/3/14,3,6,11,31,32,5,12
2022/3/16,4,9,16,17,35,1,7
2022/3/19,7,8,10,14,17,10,12
2022/3/21,12,14,15,21,30,1,9
2022/3/23,7,14,16,20,28,4,8
2022/3/26,5,9,18,31,32,1,5
2022/3/28,8,15,16,19,33,3,4
2022/3/30,2,10,24,27,28,6,7
2022/4/2,9,11,13,23,31,5,8
2022/4/4,18,19,21,26,34,6,7
2022/4/6,1,9,17,20,28,6,10
2022/4/9,7,9,11,12,26,9,12
2022/4/11,1,8,11,22,31,5,11
2022/4/13,10,19,25,29,33,8,12
2022/4/16,5,15,25,26,33,6,11
2022/4/18,8,10,11,29,32,2,6
2022/4/20,2,16,17,24,30,9,12
2022/4/23,1,2,16,17,20,3,7
2022/4/25,2,3,7,12,20,1,5
2022/4/27,6,7,12,22,27,3,5
2022/4/30,7,10,11,12,33,3,11
2022/5/2,16,22,28,29,32,8,9
2022/5/4,6,10,20,28,35,1,10
2022/5/7,2,10,21,24,30,8,10
2022/5/9,1,16,17,19,33,5,6
2022/5/11,1,13,18,29,35,4,9
2022/5/14,9,17,19,20,25,1,9
2022/5/16,5,16,21,23,34,7,10
2022/5/18,1,2,12,15,23,4,6
2022/5/21,2,11,15,17,31,7,9
2022/5/23,6,12,18,21,35,7,10
2022/5/25,3,4,24,26,35,7,8
2022/5/28,4,15,18,32,34,4,9
2022/5/30,2,6,10,11,20,3,9
2022/6/1,6,9,19,22,30,1,6
2022/6/4,5,9,11,12,31,7,11
2022/6/6,2,3,22,26,31,6,10
2022/6/8,2,19,22,25,35,5,7
2022/6/11,5,10,13,22,28,1,4
2022/6/13,2,24,25,26,34,3,12
2022/6/15,4,14,15,32,33,10,11
2022/6/18,3,6,10,15,23,3,8
2022/6/20,2,3,23,28,35,2,9
2022/6/22,1,7,17,23,35,7,11
2022/6/25,9,15,19,25,29,8,9
2022/6/27,1,12,13,15,30,3,7
2022/6/29,11,18,21,25,32,2,4
2022/7/2,2,6,21,25,28,2,6
2022/7/4,4,12,13,17,18,7,9
2022/7/6,5,17,30,34,35,2,9
2022/7/9,5,10,11,16,19,1,10
2022/7/11,2,3,18,20,27,1,2
2022/7/13,7,10,19,26,32,8,12
2022/7/16,10,17,30,31,34,3,6
2022/7/18,5,10,19,31,32,9,10
2022/7/20,4,26,27,30,33,2,9
2022/7/23,2,9,17,26,32,4,6
2022/7/25,3,11,19,25,27,4,12
2022/7/27,11,16,31,33,35,6,8
2022/7/30,4,10,21,28,31,8,11
2022/8/1,4,6,10,24,28,6,12
2022/8/3,1,8,10,20,35,6,11
2022/8/6,1,20,21,31,33,3,11
2022/8/8,1,20,24,25,31,9,12
2022/8/10,2,11,20,22,34,4,12
2022/8/13,1,4,12,23,29,5,12
2022/8/15,7,11,14,21,29,7,10
2022/8/17,3,4,7,12,19,2,5
2022/8/20,5,8,22,25,35,2,7
2022/8/22,16,19,24,27,33,1,6
2022/8/24,5,13,22,28,29,5,11
2022/8/27,1,3,6,11,13,3,11
2022/8/29,7,18,25,27,33,4,5
2022/8/31,10,19,20,23,31,3,7
2022/9/3,2,4,6,7,8,3,6
2022/9/5,1,5,14,20,30,2,4
2022/9/7,8,12,16,21,32,1,12
2022/9/10,3,5,13,19,25,2,5
2022/9/12,1,8,9,21,22,1,4
2022/9/14,16,17,21,28,32,4,7
2022/9/17,7,9,19,28,29,8,10
2022/9/19,4,7,13,26,28,7,11
2022/9/21,5,9,24,29,35,5,12
2022/9/24,2,13,16,18,23,3,6
2022/9/26,6,12,16,19,31,6,10
2022/9/28,4,11,18,20,26,6,12
2022/10/5,13,15,22,31,33,5,12
2022/10/8,11,21,24,27,28,5,10
2022/10/10,17,19,20,23,27,3,8
2022/10/12,1,7,20,22,31,7,12
2022/10/15,9,12,15,21,32,2,7
2022/10/17,2,5,15,17,26,2,8
2022/10/19,1,9,16,25,29,4,9
2022/10/22,11,22,26,30,33,3,5
2022/10/24,4,15,16,20,21,4,5
2022/10/26,4,15,17,19,25,6,12
2022/10/29,2,20,28,29,30,7,10
2022/10/31,2,4,11,25,30,6,12
2022/11/2,3,7,14,16,19,1,11
2022/11/5,4,5,8,22,35,1,3
2022/11/7,2,3,8,9,20,4,10
2022/11/9,10,19,21,23,35,4,10
2022/11/12,10,17,23,34,35,1,4
2022/11/14,5,7,15,18,23,5,10
2022/11/16,2,6,8,10,17,5,6
2022/11/19,2,27,30,34,35,9,12
2022/11/21,1,2,14,30,31,6,9
2022/11/23,3,16,23,27,32,3,6
2022/11/26,9,10,27,31,32,1,3
2022/11/28,1,11,15,17,33,3,11
2022/11/30,5,6,8,15,20,7,8
2022/12/3,5,13,16,27,33,7,12
2022/12/5,1,13,14,22,35,2,5
2022/12/7,5,15,25,26,29,4,12
2022/12/10,5,6,14,24,25,2,4
2022/12/12,7,12,14,29,35,1,11
2022/12/14,10,13,14,27,33,7,8
2022/12/17,3,4,8,15,21,4,7
2022/12/19,10,20,29,30,35,6,9
2022/12/21,1,21,23,28,35,7,9
2022/12/24,4,12,22,28,30,9,11
2022/12/26,4,5,6,26,27,7,12
2022/12/28,15,19,22,26,28,2,7
2022/12/31,6,7,26,29,30,3,12
2023/1/2,18,19,24,27,34,11,12
2023/1/4,11,14,21,26,27,2,7
2023/1/7,5,6,14,21,22,2,9
2023/1/9,4,13,15,20,22,4,8
2023/1/11,1,3,10,20,29,6,11
2023/1/14,2,4,12,27,35,6,7
2023/1/16,2,3,24,30,32,1,6
2023/1/18,4,9,17,22,25,1,5
2023/1/30,1,5,11,15,33,1,10
2023/2/1,5,6,13,23,26,1,6
2023/2/4,2,7,8,17,25,1,3
2023/2/6,7,16,17,18,28,2,3
2023/2/8,1,2,9,23,25,2,6
2023/2/11,3,8,18,22,24,1,9
2023/2/13,8,16,24,25,34,8,12
2023/2/15,2,4,12,31,32,7,11
2023/2/18,2,5,9,22,27,10,11
2023/2/20,4,8,17,26,30,3,11
2023/2/22,5,8,9,11,15,6,8
2023/2/25,5,6,23,25,28,6,9
2023/2/27,2,9,18,23,27,3,5
2023/3/1,7,11,15,26,28,8,10
2023/3/4,9,21,23,25,33,3,10
2023/3/6,11,15,24,27,30,1,10
2023/3/8,3,9,27,30,31,11,12
2023/3/11,2,13,24,27,30,1,6
2023/3/13,9,10,12,15,23,3,6
2023/3/15,1,3,29,30,34,4,12
2023/3/18,7,25,27,34,35,9,11
2023/3/20,6,11,12,20,35,5,12
2023/3/22,5,7,8,16,25,3,11
2023/3/25,5,6,18,28,30,2,7
2023/3/27,4,6,10,11,25,7,9
2023/3/29,7,9,10,15,24,4,12
2023/4/1,7,14,23,25,29,2,11
2023/4/3,1,13,22,26,31,2,10
2023/4/5,6,8,16,20,24,7,8
2023/4/8,4,10,18,27,32,10,12
2023/4/10,2,24,26,30,34,6,7
2023/4/12,4,5,18,22,30,5,12
2023/4/15,5,8,13,26,35,5,9
2023/4/17,2,16,21,23,27,1,8
2023/4/19,2,4,17,20,27,1,8
